동,민원건수_2018_2021,CCTV수,주정차단속CCTV수,상습발생지수,상습지역민원누적
산격동,10961,80,12,5,793
동천동,8869,44,6,3,1249
복현동,7303,52,4,2,2084
구암동,6635,63,5,3,1114
태전동,6098,78,9,1,289
침산동,5297,51,6,0,0
노원동,4951,23,5,4,2333
관음동,4924,34,2,0,0
읍내동,4217,61,3,1,211
칠성동,3847,45,12,0,0
서변동,3592,26,4,2,816
대현동,2791,29,5,1,161
학정동,2002,24,2,1,64
동변동,1622,14,1,2,185
사수동,1430,8,2,0,0
검단동,1302,10,1,0,0
매천동,1290,39,5,0,0
국우동,1049,16,0,0,0
고성동,995,7,1,0,0
연경동,596,1,1,0,0
팔달동,428,9,2,0,0
동호동,240,0,0,0,0
금호동,238,0,0,0,0
노곡동,98,0,0,0,0
조야동,62,3,0,0,0
도남동,1,2,0,0,0
