동,대표위도,대표경도,단속건수_2017_2023,민원건수_2018_2021,CCTV수,주정차단속CCTV수,상습발생지수,상습지역민원누적,집중요일,집중요일비중,집중시간,집중시간비중,관리점수,관리등급,관리유형
동천동,35.939395885339806,128.55854224886733,66091.0,8869.0,44.0,6.0,3.0,1249.0,월요일,17.6,15,22.0,68.6,B,관리 강화 검토
동호동,,,2668.0,240.0,0.0,0.0,0.0,0.0,화요일,21.3,11,31.4,67.8,B,관리 강화 검토
학정동,,,17132.0,2002.0,24.0,2.0,1.0,64.0,월요일,24.2,11,31.8,66.8,B,관리 강화 검토
산격동,,,52648.0,10961.0,80.0,12.0,5.0,793.0,수요일,17.1,15,15.3,66.3,B,관리 강화 검토
국우동,35.94905287998173,128.57080787095228,4207.0,1049.0,16.0,0.0,0.0,0.0,목요일,22.4,7,16.8,65.9,B,관리 강화 검토
읍내동,35.943041443214284,128.55198878789346,22792.0,4217.0,61.0,3.0,1.0,211.0,수요일,20.3,15,20.5,65.8,B,관리 강화 검토
관음동,35.940416664102735,128.54531867043133,20653.0,4924.0,34.0,2.0,0.0,0.0,화요일,19.4,15,18.8,65.5,B,관리 강화 검토
노곡동,,,296.0,98.0,0.0,0.0,0.0,0.0,월요일,17.6,12,31.4,65.4,B,관리 강화 검토
구암동,35.93259822243022,128.56148739385964,20431.0,6635.0,63.0,5.0,3.0,1114.0,월요일,20.1,7,19.6,65.3,B,관리 강화 검토
태전동,,,36495.0,6098.0,78.0,9.0,1.0,289.0,월요일,19.4,15,15.0,65.2,B,관리 강화 검토
복현동,,,23681.0,7303.0,52.0,4.0,2.0,2084.0,목요일,21.6,15,13.6,64.5,B,관리 강화 검토
칠성동,35.87853646872436,128.59706572266134,28339.0,3847.0,45.0,12.0,0.0,0.0,수요일,18.9,15,18.3,64.4,B,관리 강화 검토
침산동,,,35722.0,5297.0,51.0,6.0,0.0,0.0,월요일,18.7,14,13.8,64.0,B,관리 강화 검토
고성동,35.881457205578386,128.58442969003045,15528.0,995.0,7.0,1.0,0.0,0.0,월요일,21.3,14,23.2,63.8,B,관리 강화 검토
조야동,,,17.0,62.0,3.0,0.0,0.0,0.0,화요일,47.1,9,41.2,63.7,B,관리 강화 검토
서변동,,,19383.0,3592.0,26.0,4.0,2.0,816.0,금요일,25.2,8,15.4,63.1,B,관리 강화 검토
동변동,,,7273.0,1622.0,14.0,1.0,2.0,185.0,화요일,25.6,7,22.2,62.6,B,관리 강화 검토
팔달동,,,4273.0,428.0,9.0,2.0,0.0,0.0,월요일,25.1,7,32.0,62.5,B,관리 강화 검토
연경동,,,6854.0,596.0,1.0,1.0,0.0,0.0,화요일,24.4,14,26.7,62.3,B,관리 강화 검토
금호동,,,1324.0,238.0,0.0,0.0,0.0,0.0,월요일,20.3,14,13.8,62.1,B,관리 강화 검토
매천동,,,8596.0,1290.0,39.0,5.0,0.0,0.0,월요일,23.6,7,24.8,61.9,B,관리 강화 검토
노원동,35.89445274943071,128.57007332320538,13495.0,4951.0,23.0,5.0,4.0,2333.0,금요일,18.6,15,15.0,61.8,B,관리 강화 검토
사수동,,,13577.0,1430.0,8.0,2.0,0.0,0.0,화요일,17.8,14,14.7,60.9,B,관리 강화 검토
대현동,35.883330916679604,128.6072204562084,12122.0,2791.0,29.0,5.0,1.0,161.0,월요일,22.3,14,14.9,60.2,B,관리 강화 검토
신천동,,,358.0,0.0,0.0,0.0,0.0,0.0,월요일,46.1,11,48.6,58.6,C,일반 관리
검단동,35.91326543398279,128.62205499896731,4064.0,1302.0,10.0,1.0,0.0,0.0,목요일,23.7,15,14.0,58.2,C,일반 관리
지코냉동,,,4.0,0.0,0.0,0.0,0.0,0.0,월요일,100.0,7,100.0,57.4,C,일반 관리
대동,,,18.0,0.0,0.0,0.0,0.0,0.0,목요일,44.4,11,66.7,57.0,C,일반 관리
팔거천동,,,2552.0,0.0,0.0,0.0,0.0,0.0,금요일,21.6,15,31.7,56.9,C,일반 관리
확정동,,,16.0,0.0,0.0,0.0,0.0,0.0,화요일,100.0,16,68.8,56.9,C,일반 관리
달성동,,,238.0,0.0,0.0,0.0,0.0,0.0,월요일,30.7,14,40.3,56.9,C,일반 관리
새동,,,8049.0,0.0,0.0,0.0,0.0,0.0,일요일,22.3,15,21.7,56.7,C,일반 관리
교동,,,209.0,0.0,0.0,0.0,0.0,0.0,일요일,44.0,10,45.5,56.6,C,일반 관리
신암동,,,411.0,0.0,0.0,0.0,0.0,0.0,월요일,34.5,7,30.9,55.8,C,일반 관리
북구동,,,3.0,0.0,0.0,0.0,0.0,0.0,수요일,100.0,19,100.0,55.4,C,일반 관리
안동,,,23.0,0.0,0.0,0.0,0.0,0.0,금요일,30.4,19,47.8,55.3,C,일반 관리
산격자동,,,47.0,0.0,0.0,0.0,0.0,0.0,수요일,40.4,18,36.2,55.1,C,일반 관리
자동,,,30.0,0.0,0.0,0.0,0.0,0.0,월요일,23.3,17,36.7,55.0,C,일반 관리
르노삼성자동,,,371.0,0.0,0.0,0.0,0.0,0.0,토요일,23.5,15,22.6,54.0,C,일반 관리
대구은행동,,,14.0,0.0,0.0,0.0,0.0,0.0,수요일,42.9,19,42.9,53.1,C,일반 관리
무태조야동,35.92210775594872,128.59933677865774,13.0,0.0,0.0,0.0,0.0,0.0,화요일,38.5,7,46.2,53.0,C,일반 관리
경북대학교동,,,7.0,0.0,0.0,0.0,0.0,0.0,월요일,28.6,16,57.1,52.9,C,일반 관리
노원로동,,,8.0,0.0,0.0,0.0,0.0,0.0,월요일,50.0,17,50.0,52.8,C,일반 관리
원대동,,,211.0,0.0,0.0,0.0,0.0,0.0,월요일,30.3,10,23.7,52.7,C,일반 관리
경동,,,5.0,0.0,0.0,0.0,0.0,0.0,수요일,60.0,17,60.0,52.6,C,일반 관리
현동,,,24.0,0.0,0.0,0.0,0.0,0.0,목요일,29.2,19,29.2,52.1,C,일반 관리
동인동,,,13.0,0.0,0.0,0.0,0.0,0.0,월요일,38.5,10,38.5,52.1,C,일반 관리
대형동,,,2.0,0.0,0.0,0.0,0.0,0.0,월요일,50.0,10,100.0,51.7,C,일반 관리
경대동,,,2.0,0.0,0.0,0.0,0.0,0.0,수요일,100.0,14,100.0,51.7,C,일반 관리
부경자동,,,2.0,0.0,0.0,0.0,0.0,0.0,목요일,100.0,8,100.0,51.7,C,일반 관리
칠곡동,,,2.0,0.0,0.0,0.0,0.0,0.0,수요일,100.0,11,100.0,51.7,C,일반 관리
현대동,,,2.0,0.0,0.0,0.0,0.0,0.0,월요일,100.0,15,100.0,51.7,C,일반 관리
학남동,,,2.0,0.0,0.0,0.0,0.0,0.0,월요일,100.0,11,100.0,51.7,C,일반 관리
비산동,,,212.0,0.0,0.0,0.0,0.0,0.0,목요일,25.5,10,17.0,51.3,C,일반 관리
올리브동,,,7.0,0.0,0.0,0.0,0.0,0.0,금요일,57.1,14,42.9,50.7,C,일반 관리
대구노원동,,,9.0,0.0,0.0,0.0,0.0,0.0,목요일,88.9,15,33.3,50.6,C,일반 관리
현대자동,,,9.0,0.0,0.0,0.0,0.0,0.0,목요일,33.3,15,33.3,50.6,C,일반 관리
대구동,,,3.0,0.0,0.0,0.0,0.0,0.0,수요일,100.0,15,66.7,50.4,C,일반 관리
북구구민운동,,,3.0,0.0,0.0,0.0,0.0,0.0,수요일,66.7,17,66.7,50.4,C,일반 관리
매전동,,,3.0,0.0,0.0,0.0,0.0,0.0,화요일,100.0,8,66.7,50.4,C,일반 관리
구민운동,,,3.0,0.0,0.0,0.0,0.0,0.0,화요일,33.3,7,66.7,50.4,C,일반 관리
칠산동,,,3.0,0.0,0.0,0.0,0.0,0.0,수요일,66.7,7,66.7,50.4,C,일반 관리
북현동,,,20.0,0.0,0.0,0.0,0.0,0.0,목요일,25.0,15,20.0,49.4,C,일반 관리
쌍용자동,,,26.0,0.0,0.0,0.0,0.0,0.0,월요일,26.9,10,15.4,49.3,C,일반 관리
국민은행복현동,,,8.0,0.0,0.0,0.0,0.0,0.0,금요일,37.5,15,25.0,47.9,C,일반 관리
정동,,,4.0,0.0,0.0,0.0,0.0,0.0,월요일,50.0,14,25.0,46.2,C,일반 관리
칠선동,,,4.0,0.0,0.0,0.0,0.0,0.0,화요일,25.0,9,25.0,46.2,C,일반 관리
대구공동,,,3.0,0.0,0.0,0.0,0.0,0.0,월요일,66.7,15,33.3,46.1,C,일반 관리
서번동,,,3.0,0.0,0.0,0.0,0.0,0.0,월요일,33.3,9,33.3,46.1,C,일반 관리
태저동,,,3.0,0.0,0.0,0.0,0.0,0.0,월요일,33.3,0,33.3,46.1,C,일반 관리
중한자동,,,3.0,0.0,0.0,0.0,0.0,0.0,월요일,66.7,14,33.3,46.1,C,일반 관리
북부자동,,,2.0,0.0,0.0,0.0,0.0,0.0,월요일,50.0,14,50.0,45.3,C,일반 관리
그린타운동,,,2.0,0.0,0.0,0.0,0.0,0.0,화요일,50.0,7,50.0,45.3,C,일반 관리
동전동,,,2.0,0.0,0.0,0.0,0.0,0.0,월요일,50.0,11,50.0,45.3,C,일반 관리
동쳔동,,,2.0,0.0,0.0,0.0,0.0,0.0,금요일,50.0,7,50.0,45.3,C,일반 관리
침상동,,,2.0,0.0,0.0,0.0,0.0,0.0,화요일,50.0,9,50.0,45.3,C,일반 관리
푸른부동,,,2.0,0.0,0.0,0.0,0.0,0.0,월요일,50.0,7,50.0,45.3,C,일반 관리
궁마동,,,2.0,0.0,0.0,0.0,0.0,0.0,금요일,50.0,1,50.0,45.3,C,일반 관리
구당동,,,1.0,0.0,0.0,0.0,0.0,0.0,수요일,100.0,20,100.0,42.2,C,일반 관리
구임동,,,1.0,0.0,0.0,0.0,0.0,0.0,월요일,100.0,8,100.0,42.2,C,일반 관리
관움동,,,1.0,0.0,0.0,0.0,0.0,0.0,화요일,100.0,21,100.0,42.2,C,일반 관리
검당동,,,1.0,0.0,0.0,0.0,0.0,0.0,목요일,100.0,15,100.0,42.2,C,일반 관리
가동,,,1.0,0.0,0.0,0.0,0.0,0.0,목요일,100.0,8,100.0,42.2,C,일반 관리
고서어동,,,1.0,0.0,0.0,0.0,0.0,0.0,목요일,100.0,7,100.0,42.2,C,일반 관리
겸단동,,,1.0,0.0,0.0,0.0,0.0,0.0,금요일,100.0,7,100.0,42.2,C,일반 관리
대천동,,,1.0,0.0,0.0,0.0,0.0,0.0,화요일,100.0,10,100.0,42.2,C,일반 관리
대구산격동,,,1.0,0.0,0.0,0.0,0.0,0.0,화요일,100.0,19,100.0,42.2,C,일반 관리
대림부동,,,1.0,0.0,0.0,0.0,0.0,0.0,월요일,100.0,18,100.0,42.2,C,일반 관리
국궁동,,,1.0,0.0,0.0,0.0,0.0,0.0,토요일,100.0,3,100.0,42.2,C,일반 관리
노워동,,,1.0,0.0,0.0,0.0,0.0,0.0,월요일,100.0,16,100.0,42.2,C,일반 관리
노언동,,,1.0,0.0,0.0,0.0,0.0,0.0,금요일,100.0,12,100.0,42.2,C,일반 관리
녹곡동,,,1.0,0.0,0.0,0.0,0.0,0.0,금요일,100.0,14,100.0,42.2,C,일반 관리
다산부동,,,1.0,0.0,0.0,0.0,0.0,0.0,목요일,100.0,10,100.0,42.2,C,일반 관리
입내동,,,1.0,0.0,0.0,0.0,0.0,0.0,월요일,100.0,17,100.0,42.2,C,일반 관리
북구검단동,,,1.0,0.0,0.0,0.0,0.0,0.0,월요일,100.0,14,100.0,42.2,C,일반 관리
동현동,,,1.0,0.0,0.0,0.0,0.0,0.0,수요일,100.0,16,100.0,42.2,C,일반 관리
부영동,,,1.0,0.0,0.0,0.0,0.0,0.0,수요일,100.0,11,100.0,42.2,C,일반 관리
동처나동,,,1.0,0.0,0.0,0.0,0.0,0.0,목요일,100.0,19,100.0,42.2,C,일반 관리
대평부동,,,1.0,0.0,0.0,0.0,0.0,0.0,토요일,100.0,12,100.0,42.2,C,일반 관리
동영자동,,,1.0,0.0,0.0,0.0,0.0,0.0,목요일,100.0,17,100.0,42.2,C,일반 관리
동행부동,,,1.0,0.0,0.0,0.0,0.0,0.0,화요일,100.0,8,100.0,42.2,C,일반 관리
산걱동,,,1.0,0.0,0.0,0.0,0.0,0.0,토요일,100.0,16,100.0,42.2,C,일반 관리
삼격동,,,1.0,0.0,0.0,0.0,0.0,0.0,금요일,100.0,17,100.0,42.2,C,일반 관리
북구산격동,,,1.0,0.0,0.0,0.0,0.0,0.0,목요일,100.0,14,100.0,42.2,C,일반 관리
사변동,,,1.0,0.0,0.0,0.0,0.0,0.0,목요일,100.0,18,100.0,42.2,C,일반 관리
시민운동,,,1.0,0.0,0.0,0.0,0.0,0.0,토요일,100.0,14,100.0,42.2,C,일반 관리
연겨동,,,1.0,0.0,0.0,0.0,0.0,0.0,목요일,100.0,14,100.0,42.2,C,일반 관리
오페라삼정그린코아동,,,1.0,0.0,0.0,0.0,0.0,0.0,금요일,100.0,14,100.0,42.2,C,일반 관리
신동,,,1.0,0.0,0.0,0.0,0.0,0.0,금요일,100.0,7,100.0,42.2,C,일반 관리
타운동,,,1.0,0.0,0.0,0.0,0.0,0.0,금요일,100.0,16,100.0,42.2,C,일반 관리
이동,,,1.0,0.0,0.0,0.0,0.0,0.0,수요일,100.0,10,100.0,42.2,C,일반 관리
오피스텔동,,,1.0,0.0,0.0,0.0,0.0,0.0,수요일,100.0,9,100.0,42.2,C,일반 관리
음내동,,,1.0,0.0,0.0,0.0,0.0,0.0,화요일,100.0,14,100.0,42.2,C,일반 관리
영남타운동,,,1.0,0.0,0.0,0.0,0.0,0.0,금요일,100.0,7,100.0,42.2,C,일반 관리
친산동,,,1.0,0.0,0.0,0.0,0.0,0.0,금요일,100.0,20,100.0,42.2,C,일반 관리
칠서동,,,1.0,0.0,0.0,0.0,0.0,0.0,수요일,100.0,22,100.0,42.2,C,일반 관리
찬마부동,,,1.0,0.0,0.0,0.0,0.0,0.0,화요일,100.0,17,100.0,42.2,C,일반 관리
팔덜동,,,1.0,0.0,0.0,0.0,0.0,0.0,목요일,100.0,15,100.0,42.2,C,일반 관리
칠설동,,,1.0,0.0,0.0,0.0,0.0,0.0,화요일,100.0,18,100.0,42.2,C,일반 관리
태현동,,,1.0,0.0,0.0,0.0,0.0,0.0,월요일,100.0,10,100.0,42.2,C,일반 관리
테전동,,,1.0,0.0,0.0,0.0,0.0,0.0,화요일,100.0,8,100.0,42.2,C,일반 관리
한라아파트동,,,1.0,0.0,0.0,0.0,0.0,0.0,일요일,100.0,10,100.0,42.2,C,일반 관리
태정동,,,1.0,0.0,0.0,0.0,0.0,0.0,목요일,100.0,11,100.0,42.2,C,일반 관리
학전동,,,1.0,0.0,0.0,0.0,0.0,0.0,수요일,100.0,9,100.0,42.2,C,일반 관리
도남동,,,0.0,1.0,2.0,0.0,0.0,0.0,자료없음,0.0,-1,0.0,29.1,D,상대적 우선도 낮음
