주소,동,민원발생누적건수,민원2018,민원2019,민원2020,민원2021,위도,경도,현장사진수,짧은주소
대구광역시 북구 구암동 714,구암동,252,0,0,252,0,35.92772466666667,128.555214,3,구암동 714
대구광역시 북구 구암동 716,구암동,268,0,0,268,0,35.9306548,128.554187,5,구암동 716
대구광역시 북구 구암동 835-1,구암동,594,0,204,276,114,35.93564166666667,128.56650816666667,6,구암동 835-1
대구광역시 북구 노원동2가 1,노원동,468,0,0,242,226,35.89154475,128.57310675,8,노원동2가 1
대구광역시 북구 노원동3가 1022,노원동,88,88,0,0,0,35.891972,128.570158,3,노원동3가 1022
대구광역시 북구 노원동3가 1230,노원동,846,0,0,357,489,35.890305,128.5679178,5,노원동3가 1230
대구광역시 북구 노원동3가 252-3,노원동,931,0,0,546,385,35.89236361538462,128.55993346153846,13,노원동3가 252-3
대구광역시 북구 대현동 527,대현동,161,161,0,0,0,35.879701999999995,128.6056588,5,대현동 527
대구광역시 북구 동변동 681,동변동,57,57,0,0,0,35.9189655,128.6032005,4,동변동 681
대구광역시 북구 동변동 682,동변동,128,128,0,0,0,35.9151285,128.6026835,2,동변동 682
대구광역시 북구 동천동 960-2,동천동,448,0,158,290,0,35.94198566666666,128.55989,3,동천동 960-2
대구광역시 북구 동천동 961-1,동천동,621,0,518,0,103,35.94308325,128.55738175,4,동천동 961-1
대구광역시 북구 동천동 962-1,동천동,180,0,180,0,0,35.94345025,128.559545,4,동천동 962-1
대구광역시 북구 복현동 37,복현동,254,0,0,254,0,35.9045,128.62025433333335,3,복현동 37
대구광역시 북구 복현동 623,복현동,1830,451,289,873,217,35.893501,128.6173832,20,복현동 623
대구광역시 북구 산격동 1258,산격동,62,62,0,0,0,35.898388499999996,128.61014999999998,2,산격동 1258
대구광역시 북구 산격동 1485,산격동,330,189,0,0,141,35.89838113333334,128.6072914,15,산격동 1485
대구광역시 북구 산격동 1499-1,산격동,136,0,0,0,136,35.894141499999996,128.6070125,6,산격동 1499-1
대구광역시 북구 산격동 1628,산격동,72,72,0,0,0,35.90639766666666,128.6082,3,산격동 1628
대구광역시 북구 산격동 172-5,산격동,193,0,193,0,0,35.90353666666667,128.61392316666667,6,산격동 172-5
대구광역시 북구 서변동 1726,서변동,678,0,190,306,182,35.9243975,128.5967873333333,6,서변동 1726
대구광역시 북구 서변동 1771,서변동,138,0,0,0,138,35.9228935,128.59824675,4,서변동 1771
대구광역시 북구 읍내동 1350,읍내동,211,0,211,0,0,35.9395325,128.5559955,4,읍내동 1350
대구광역시 북구 태전동 1106-1,태전동,289,0,289,0,0,35.9126246,128.54734000000002,5,태전동 1106-1
대구광역시 북구 학정동 952,학정동,64,64,0,0,0,35.95430666666667,128.56499933333333,3,학정동 952
