관리기관명,소재지도로명주소,소재지지번주소,설치목적구분,위도,경도,데이터기준일자,주소,동
대구광역시 북구,대구광역시 북구 구암로 93-1,대구광역시 북구 읍내동 1381-22,주정차단속,35.932538,128.551052,2020-10-26,대구광역시 북구 읍내동 1381-22,읍내동
대구광역시 북구,대구광역시 북구 칠곡중앙대로 402,대구광역시 북구 태전동 993-10,주정차단속,35.931522,128.548562,2020-10-26,대구광역시 북구 태전동 993-10,태전동
대구광역시 북구,대구광역시 북구 팔달로 147,대구광역시 북구 노원동3가 762,주정차단속,35.889229,128.56585,2020-10-26,대구광역시 북구 노원동3가 762,노원동
대구광역시 북구,대구광역시 북구 동북로 160,대구광역시 북구 산격동 1260-1,주정차단속,35.89929,128.610098,2020-10-26,대구광역시 북구 산격동 1260-1,산격동
대구광역시 북구,대구광역시 북구 동북로 174,대구광역시 북구 산격동 1261-1,주정차단속,35.898769,128.611667,2020-10-26,대구광역시 북구 산격동 1261-1,산격동
대구광역시 북구,대구광역시 북구 칠성남로 234,대구광역시 북구 칠성동1가 147-1,주정차단속,35.875699,128.606024,2020-10-26,대구광역시 북구 칠성동1가 147-1,칠성동
대구광역시 북구,대구광역시 북구 검단로 112-1,대구광역시 북구 검단동 936-30,주정차단속,35.906675,128.620059,2020-10-26,대구광역시 북구 검단동 936-30,검단동
대구광역시 북구,대구광역시 북구 신암로 101-1,대구광역시 북구 대현동 277-9,주정차단속,35.880027,128.610548,2020-10-26,대구광역시 북구 대현동 277-9,대현동
대구광역시 북구,대구광역시 북구 칠곡중앙대로 385,대구광역시 북구 태전동 961-18,주정차단속,35.930066,128.547688,2020-10-26,대구광역시 북구 태전동 961-18,태전동
대구광역시 북구,대구광역시 북구 영송로 20,대구광역시 북구 태전동 964-10,주정차단속,35.927142,128.544498,2020-10-26,대구광역시 북구 태전동 964-10,태전동
대구광역시 북구,대구광역시 북구 대현로 96,대구광역시 북구 대현동 407-12,주정차단속,35.882321,128.609524,2020-10-26,대구광역시 북구 대현동 407-12,대현동
대구광역시 북구,대구광역시 북구 학정로 429,대구광역시 북구 동천동 896-5,주정차단속,35.94309,128.563207,2020-10-26,대구광역시 북구 동천동 896-5,동천동
대구광역시 북구,대구광역시 북구 동암로 104,대구광역시 북구 동천동 895-4,주정차단속,35.943995,128.562382,2020-10-26,대구광역시 북구 동천동 895-4,동천동
대구광역시 북구,대구광역시 북구 대학로 71 (건너),대구광역시 북구 산격동 1399-11 (건너),주정차단속,35.8920845,128.6086986,2020-10-26,대구광역시 북구 산격동 1399-11 (건너),산격동
대구광역시 북구,대구광역시 북구 칠곡중앙대로 59,대구광역시 북구 매천동 618-24,주정차단속,35.901307,128.547404,2020-10-26,대구광역시 북구 매천동 618-24,매천동
대구광역시 북구,대구광역시 북구 동북로 270,대구광역시 북구 복현동 459-7,주정차단속,35.893684,128.619843,2020-10-26,대구광역시 북구 복현동 459-7,복현동
대구광역시 북구,대구광역시 북구 노원로 20,대구광역시 북구 노원동3가 728,주정차단속,35.891074,128.565219,2020-10-26,대구광역시 북구 노원동3가 728,노원동
대구광역시 북구,대구광역시 북구 칠곡중앙대로 299,대구광역시 북구 태전동 414-3,주정차단속,35.922275,128.546515,2020-10-26,대구광역시 북구 태전동 414-3,태전동
대구광역시 북구,대구광역시 북구 칠곡중앙대로 354-1,대구광역시 북구 태전동 1031-11,주정차단속,35.927307,128.547857,2020-10-26,대구광역시 북구 태전동 1031-11,태전동
대구광역시 북구,대구광역시 북구 매천로 45,대구광역시 북구 팔달동 4-20,주정차단속,35.900894,128.541742,2020-10-26,대구광역시 북구 팔달동 4-20,팔달동
대구광역시 북구,대구광역시 북구 팔달로 173-1,대구광역시 북구 노원동3가 781-1,주정차단속,35.888919,128.569191,2020-10-26,대구광역시 북구 노원동3가 781-1,노원동
대구광역시 북구,대구광역시 북구 학정로 427,대구광역시 북구 동천동 896,주정차단속,35.942765,128.56316,2020-10-26,대구광역시 북구 동천동 896,동천동
대구광역시 북구,대구광역시 북구 칠곡중앙대로 443,대구광역시 북구 관음동 1402-4,주정차단속,35.935361,128.548556,2020-10-26,대구광역시 북구 관음동 1402-4,관음동
대구광역시 북구,대구광역시 북구 호국로 215,대구광역시 북구 서변동 1787,주정차단속,35.920828,128.599195,2020-10-26,대구광역시 북구 서변동 1787,서변동
대구광역시 북구,대구광역시 북구 학정로 432,대구광역시 북구 구암동 765-4,주정차단속,35.943239,128.564072,2020-10-26,대구광역시 북구 구암동 765-4,구암동
대구광역시 북구,대구광역시 북구 동북로 234,대구광역시 북구 복현동 426-2,주정차단속,35.895786,128.616828,2020-10-26,대구광역시 북구 복현동 426-2,복현동
대구광역시 북구,대구광역시 북구 영송로 63,대구광역시 북구 태전동 1065-1,주정차단속,35.930785,128.544459,2020-10-26,대구광역시 북구 태전동 1065-1,태전동
대구광역시 북구,대구광역시 북구 침산로 154,대구광역시 북구 침산동 293-4,주정차단속,35.889958,128.590997,2020-10-26,대구광역시 북구 침산동 293-4,침산동
대구광역시 북구,대구광역시 북구 매천로18길 34,대구광역시 북구 매천동 527-3,주정차단속,35.903859,128.544679,2020-10-26,대구광역시 북구 매천동 527-3,매천동
대구광역시 북구,대구광역시 북구 매천로18길 34,대구광역시 북구 매천동 527-3,주정차단속,35.904114,128.54265,2020-10-26,대구광역시 북구 매천동 527-3,매천동
대구광역시 북구,대구광역시 북구 공평로 135,대구광역시 북구 칠성동2가 302-95,주정차단속,35.875962,128.601295,2020-10-26,대구광역시 북구 칠성동2가 302-95,칠성동
대구광역시 북구,대구광역시 북구 칠성시장로 133-2,대구광역시 북구 침산동 50-3,주정차단속,35.885541,128.600334,2020-10-26,대구광역시 북구 침산동 50-3,침산동
대구광역시 북구,대구광역시 북구 구암로 146,대구광역시 북구 구암동 649-4,주정차단속,35.931539,128.556431,2020-10-26,대구광역시 북구 구암동 649-4,구암동
대구광역시 북구,,대구광역시 북구 매천동 200-1,주정차단속,35.908984,128.54208,2020-10-26,대구광역시 북구 매천동 200-1,매천동
대구광역시 북구,,대구광역시 북구 동천동 962,주정차단속,35.942908,128.560839,2020-10-26,대구광역시 북구 동천동 962,동천동
대구광역시 북구,대구광역시 북구 대학로 81,대구광역시 북구 산격동 1338-5,주정차단속,35.89243306,128.6091302,2020-10-26,대구광역시 북구 산격동 1338-5,산격동
대구광역시 북구,대구광역시 북구 대현로19길 86,대구광역시 북구 대현동 24-2,주정차단속,35.88496,128.614164,2020-10-26,대구광역시 북구 대현동 24-2,대현동
대구광역시 북구,대구광역시 북구 칠성남로 226,대구광역시 북구 칠성동1가 157-2,주정차단속,35.875982,128.604802,2020-10-26,대구광역시 북구 칠성동1가 157-2,칠성동
대구광역시 북구,대구광역시 북구 칠성시장로 18-1,대구광역시 북구 칠성동1가 158-1,주정차단속,35.875856,128.60469,2020-10-26,대구광역시 북구 칠성동1가 158-1,칠성동
대구광역시 북구,대구광역시 북구 칠성시장로 37,대구광역시 북구 칠성동1가 263-1,주정차단속,35.877215,128.603305,2020-10-26,대구광역시 북구 칠성동1가 263-1,칠성동
대구광역시 북구,대구광역시 북구 산격로6길 24,대구광역시 북구 산격동 1400-12,주정차단속,35.892452,128.607741,2020-10-26,대구광역시 북구 산격동 1400-12,산격동
대구광역시 북구,대구광역시 북구 대학로15길 11-2,대구광역시 북구 산격동 1397-36,주정차단속,35.893135,128.608112,2020-10-26,대구광역시 북구 산격동 1397-36,산격동
대구광역시 북구,대구광역시 북구 대학로17길 15,대구광역시 북구 산격동 1314-7,주정차단속,35.893736,128.608748,2020-10-26,대구광역시 북구 산격동 1314-7,산격동
대구광역시 북구,대구광역시 북구 대학로 79,대구광역시 북구 산격동 1339,주정차단속,35.892509,128.608949,2020-10-26,대구광역시 북구 산격동 1339,산격동
대구광역시 북구,대구광역시 북구 대학로23길 24,대구광역시 북구 산격동 1309-43,주정차단속,35.893993,128.609614,2020-10-26,대구광역시 북구 산격동 1309-43,산격동
대구광역시 북구,대구광역시 북구 침산로32길 6,대구광역시 북구 침산동 292-2,주정차단속,35.89018513,128.59154,2020-10-26,대구광역시 북구 침산동 292-2,침산동
대구광역시 북구,대구광역시 북구 경진로남1길 40,대구광역시 북구 복현동 439-1,주정차단속,35.893631,128.617322,2020-10-26,대구광역시 북구 복현동 439-1,복현동
대구광역시 북구,,대구광역시 북구 서변동 1778,주정차단속,35.921112,128.598411,2020-10-26,대구광역시 북구 서변동 1778,서변동
대구광역시 북구,대구광역시 북구 호암로 40,대구광역시 북구 칠성동2가 378-4,주정차단속,35.881866,128.593494,2020-10-26,대구광역시 북구 칠성동2가 378-4,칠성동
대구광역시 북구,대구광역시 북구 중앙대로 519,대구광역시 북구 칠성동2가 345-13,주정차단속,35.879407,128.595598,2020-10-26,대구광역시 북구 칠성동2가 345-13,칠성동
대구광역시 북구,,대구광역시 북구 동변동 678,주정차단속,35.919482,128.60358,2020-10-26,대구광역시 북구 동변동 678,동변동
대구광역시 북구,대구광역시 북구 구암로32길 13,대구광역시 북구 구암동 695-9,주정차단속,35.930161,128.558161,2020-10-26,대구광역시 북구 구암동 695-9,구암동
대구광역시 북구,대구광역시 북구 칠곡중앙대로91길 10,대구광역시 북구 관음동 1386-2,주정차단속,35.936206,128.548257,2020-10-26,대구광역시 북구 관음동 1386-2,관음동
대구광역시 북구,대구광역시 북구 칠곡중앙대로 407,대구광역시 북구 태전동 940-9,주정차단속,35.932038,128.548056,2020-10-26,대구광역시 북구 태전동 940-9,태전동
대구광역시 북구,대구광역시 북구 노원로10길 40,대구광역시 북구 노원동3가 1227,주정차단속,35.890513,128.570085,2020-10-26,대구광역시 북구 노원동3가 1227,노원동
대구광역시 북구,대구광역시 북구 동북로 163,대구광역시 북구 산격동 500-1,주정차단속,35.899507,128.610535,2020-10-26,대구광역시 북구 산격동 500-1,산격동
대구광역시 북구,대구광역시 북구 침산로 153,대구광역시 북구 침산동 269-10,주정차단속,35.88836325,128.5906917,2020-10-26,대구광역시 북구 침산동 269-10,침산동
대구광역시 북구,대구광역시 북구 사수로 587,대구광역시 북구 팔달동 230-2,주정차단속,35.896289,128.54079,2020-10-26,대구광역시 북구 팔달동 230-2,팔달동
대구광역시 북구,,대구광역시 북구 복현동 214-1,주정차단속,35.896746,128.619916,2020-10-26,대구광역시 북구 복현동 214-1,복현동
대구광역시 북구,대구광역시 북구 칠곡중앙대로 416,대구광역시 북구 읍내동 1343-6,주정차단속,35.933237,128.549393,2020-10-26,대구광역시 북구 읍내동 1343-6,읍내동
대구광역시 북구,대구광역시 북구 대현남로6길 20,대구광역시 북구 대현동 535,주정차단속,35.880487,128.609374,2020-10-26,대구광역시 북구 대현동 535,대현동
대구광역시 북구,대구광역시 북구 옥산로 95,대구광역시 북구 칠성동2가 90,주정차단속,35.884303,128.58604,2020-10-26,대구광역시 북구 칠성동2가 90,칠성동
대구광역시 북구,대구광역시 북구 내곡로 38-6,대구광역시 북구 사수동 827,주정차단속,35.899099,128.510822,2020-10-26,대구광역시 북구 사수동 827,사수동
대구광역시 북구,,대구광역시 북구 칠성동1가 48-13,주정차단속,35.874258,128.60356,2020-10-26,대구광역시 북구 칠성동1가 48-13,칠성동
대구광역시 북구,,대구광역시 북구 침산동 325-27 (건너),주정차단속,35.89138302,128.5918692,2020-10-26,대구광역시 북구 침산동 325-27 (건너),침산동
대구광역시 북구,대구광역시 북구 태전로 29,대구광역시 북구 태전동 155-35,주정차단속,35.922996,128.544525,2020-10-26,대구광역시 북구 태전동 155-35,태전동
대구광역시 북구,대구광역시 북구 대현남로6길 1,대구광역시 북구 대현동 390-9,주정차단속,35.881439,128.607535,2020-10-26,대구광역시 북구 대현동 390-9,대현동
대구광역시 북구,대구광역시 북구 호국로 807,대구광역시 북구 학정동 474,주정차단속,35.954726,128.564756,2020-10-26,대구광역시 북구 학정동 474,학정동
대구광역시 북구,대구광역시 북구 동암로 128,대구광역시 북구 구암동 765-1,주정차단속,35.943723,128.564608,2020-10-26,대구광역시 북구 구암동 765-1,구암동
대구광역시 북구,대구광역시 북구 동암로 90,대구광역시 북구 동천동 894-1,주정차단속,35.944553,128.559909,2020-10-26,대구광역시 북구 동천동 894-1,동천동
대구광역시 북구,대구광역시 북구 매전로 14,대구광역시 북구 매천동 678,주정차단속,35.90847,128.543617,2020-10-26,대구광역시 북구 매천동 678,매천동
대구광역시 북구,,대구광역시 북구 구암동 839,주정차단속,35.931768,128.56586,2020-10-26,대구광역시 북구 구암동 839,구암동
대구광역시 북구,대구광역시 북구 호국로57길 42,대구광역시 북구 서변동 746,주정차단속,35.92573,128.594888,2020-10-26,대구광역시 북구 서변동 746,서변동
대구광역시 북구,대구광역시 북구 칠곡중앙대로129길 9,대구광역시 북구 읍내동 313-2,주정차단속,35.953423,128.553075,2020-10-26,대구광역시 북구 읍내동 313-2,읍내동
대구광역시 북구,대구광역시 북구 내곡로 81,대구광역시 북구 사수동 799,주정차단속,35.901546,128.513245,2020-10-26,대구광역시 북구 사수동 799,사수동
대구광역시 북구,대구광역시 북구 호국로43길 31,대구광역시 북구 서변동 1750,주정차단속,35.921063,128.595619,2020-10-26,대구광역시 북구 서변동 1750,서변동
대구광역시 북구,대구광역시 북구 동화천로 190,대구광역시 북구 연경동 987,주정차단속,35.941185,128.615134,2020-10-26,대구광역시 북구 연경동 987,연경동
대구광역시 북구,대구광역시 북구 중앙대로 513,대구광역시 북구 칠성동2가 296-2,주정차단속,35.879026,128.594583,2020-10-26,대구광역시 북구 칠성동2가 296-2,칠성동
대구광역시 북구,,대구광역시 북구 학정동 983,주정차단속,35.946471,128.567311,2020-10-26,대구광역시 북구 학정동 983,학정동
대구광역시 북구,대구광역시 북구 유통단지로14길 22,대구광역시 북구 산격동 1668,주정차단속,35.905111,128.611722,2020-10-26,대구광역시 북구 산격동 1668,산격동
대구광역시 북구,,대구광역시 북구 고성동3가 5-141,주정차단속,35.882491,128.583166,2020-10-26,대구광역시 북구 고성동3가 5-141,고성동
대구광역시 북구,대구광역시 북구 오봉로 29,대구광역시 북구 노원동2가 75-4,주정차단속,35.890343,128.576554,2020-10-26,대구광역시 북구 노원동2가 75-4,노원동
대구광역시 북구,대구광역시 북구 대천로 93 (건너),대구광역시 북구 동천동 931-5 (건너),주정차단속,35.936936,128.559742,2020-10-26,대구광역시 북구 동천동 931-5 (건너),동천동
대구광역시 북구,대구광역시 북구 학정로 50,대구광역시 북구 태전동 1112,주정차단속,35.913473,128.548395,2020-10-26,대구광역시 북구 태전동 1112,태전동
대구광역시 북구,대구광역시 북구 침산로21길 36,대구광역시 북구 침산동 400-1,주정차단속,35.886799,128.585884,2020-10-26,대구광역시 북구 침산동 400-1,침산동
대구광역시 북구,,대구광역시 북구 산격동 산1-2,주정차단속,35.906614,128.614582,2020-10-26,대구광역시 북구 산격동 산1-2,산격동
대구광역시 북구,대구광역시 북구 칠성남로 158,대구광역시 북구 칠성동2가 527-5,주정차단속,35.877169,128.597528,2020-10-26,대구광역시 북구 칠성동2가 527-5,칠성동
대구광역시 북구,,대구광역시 북구 칠성동2가 302-139,주정차단속,35.87705799,128.5923193,2020-10-26,대구광역시 북구 칠성동2가 302-139,칠성동
대구광역시 북구청 정보통신과,칠곡중앙대로43길33,,어린이보호,35.91506,128.54451,2021-06-30,칠곡중앙대로43길33,태전동
대구광역시 북구청 정보통신과,주좌길 31,,어린이보호,35.95103,128.56894,2021-06-30,주좌길 31,학정동
대구광역시 북구청 정보통신과,대현로9길 50,,어린이보호,35.88849,128.60356,2021-06-30,대현로9길 50,산격동
대구광역시 북구청 정보통신과,주좌길26-17,,어린이보호,35.95013,128.56914,2021-06-30,주좌길26-17,학정동
대구광역시 북구청 정보통신과,주좌길26-17,,어린이보호,35.95013,128.56914,2021-06-30,주좌길26-17,학정동
대구광역시 북구청 정보통신과,주좌길26-17,,어린이보호,35.95013,128.56914,2021-06-30,주좌길26-17,학정동
대구광역시 북구청 정보통신과,매전로4길10-20,,어린이보호,35.90807,128.54255,2021-06-30,매전로4길10-20,매천동
대구광역시 북구청 정보통신과,매전로4길10-20,,어린이보호,35.90807,128.54255,2021-06-30,매전로4길10-20,매천동
대구광역시 북구청 정보통신과,칠곡중앙대로110길6-20,,어린이보호,35.94386,128.55139,2021-06-30,칠곡중앙대로110길6-20,읍내동
대구광역시 북구청 정보통신과,칠곡중앙대로110길6-20,,어린이보호,35.94386,128.55139,2021-06-30,칠곡중앙대로110길6-20,읍내동
대구광역시 북구청 정보통신과,도남길148-46,,어린이보호,35.96091,128.58583,2021-06-30,도남길148-46,도남동
대구광역시 북구청 정보통신과,도남길148-46,,어린이보호,35.96091,128.58583,2021-06-30,도남길148-46,도남동
대구광역시 북구청 정보통신과,태전동1105,,어린이보호,35.91005,128.546,2021-06-30,태전동1105,태전동
대구광역시 북구청 정보통신과,매전로73,,어린이보호,35.91293,128.54392,2021-06-30,매전로73,태전동
대구광역시 북구청 정보통신과,칠곡중앙대로77길 28,,어린이보호,35.93137,128.54549,2021-06-30,칠곡중앙대로77길 28,태전동
대구광역시 북구청 정보통신과,태전로7길30-13,,어린이보호,35.92309,128.54119,2021-06-30,태전로7길30-13,태전동
대구광역시 북구청 정보통신과,구암로60길 7-20,,어린이보호,35.93782,128.56892,2021-06-30,구암로60길 7-20,구암동
대구광역시 북구청 정보통신과,구암로60길 11-21,,어린이보호,35.93777,128.56906,2021-06-30,구암로60길 11-21,구암동
대구광역시 북구청 정보통신과,동변로20길 11,,어린이보호,35.92182,128.60286,2021-06-30,동변로20길 11,동변동
대구광역시 북구청 정보통신과,동변로20길 10,,어린이보호,35.9218,128.60314,2021-06-30,동변로20길 10,동변동
대구광역시 북구청 정보통신과,대현로21길52,,어린이보호,35.88471,128.60792,2021-06-30,대현로21길52,대현동
대구광역시 북구청 정보통신과,복현로2길32,,어린이보호,35.89218,128.62565,2021-06-30,복현로2길32,복현동
대구광역시 북구청 정보통신과,동북로 321-21,,어린이보호,35.89191,128.62517,2021-06-30,동북로 321-21,복현동
대구광역시 북구청 정보통신과,복현로2길34,,어린이보호,35.89206,128.62575,2021-06-30,복현로2길34,복현동
대구광역시 북구청 정보통신과,동천로5-13,,어린이보호,35.93229,128.55693,2021-06-30,동천로5-13,동천동
대구광역시 북구청 정보통신과,동천로5-13,,어린이보호,35.93229,128.55693,2021-06-30,동천로5-13,동천동
대구광역시 북구청 정보통신과,동변로18길25,,어린이보호,35.92042,128.60608,2021-06-30,동변로18길25,동변동
대구광역시 북구청 정보통신과,동변로18길 33,,어린이보호,35.91967,128.60622,2021-06-30,동변로18길 33,동변동
대구광역시 북구청 정보통신과,구암로42길13-20,,어린이보호,35.93029,128.56303,2021-06-30,구암로42길13-20,구암동
대구광역시 북구청 정보통신과,구암로42길13-20,,어린이보호,35.93029,128.56303,2021-06-30,구암로42길13-20,구암동
대구광역시 북구청 정보통신과,구암로42길13-20,,어린이보호,35.93029,128.56303,2021-06-30,구암로42길13-20,구암동
대구광역시 북구청 정보통신과,학정로48길 20,,어린이보호,35.9257,128.55902,2021-06-30,학정로48길 20,구암동
대구광역시 북구청 정보통신과,학정로 48길 16,,어린이보호,35.92545,128.55893,2021-06-30,학정로 48길 16,구암동
대구광역시 북구청 정보통신과,학정로42길26-24,,어린이보호,35.92503,128.55844,2021-06-30,학정로42길26-24,구암동
대구광역시 북구청 정보통신과,학정로42길26-24,,어린이보호,35.92503,128.55844,2021-06-30,학정로42길26-24,구암동
대구광역시 북구청 정보통신과,학정로42길26-24,,어린이보호,35.92503,128.55844,2021-06-30,학정로42길26-24,구암동
대구광역시 북구청 정보통신과,서변로3길59,,어린이보호,35.92191,128.59461,2021-06-30,서변로3길59,서변동
대구광역시 북구청 정보통신과,서변로3길59,,어린이보호,35.92191,128.59461,2021-06-30,서변로3길59,서변동
대구광역시 북구청 정보통신과,매천로17길28,,어린이보호,35.90559,128.53945,2021-06-30,매천로17길28,매천동
대구광역시 북구청 정보통신과,매천로17길13,,어린이보호,35.90437,128.53929,2021-06-30,매천로17길13,매천동
대구광역시 북구청 정보통신과,매천로17길13,,어린이보호,35.90437,128.53929,2021-06-30,매천로17길13,매천동
대구광역시 북구청 정보통신과,매천로17길13,,어린이보호,35.90437,128.53929,2021-06-30,매천로17길13,매천동
대구광역시 북구청 정보통신과,칠곡중앙대로99길45-2,,어린이보호,35.9413,128.54508,2021-06-30,칠곡중앙대로99길45-2,관음동
대구광역시 북구청 정보통신과,대불서길18-1,,어린이보호,35.90136,128.61406,2021-06-30,대불서길18-1,산격동
대구광역시 북구청 정보통신과,대불서길18-6(2),,어린이보호,35.90119,128.61453,2021-06-30,대불서길18-6(2),산격동
대구광역시 북구청 정보통신과,산격로서9길6-2,,어린이보호,35.89522,128.60209,2021-06-30,산격로서9길6-2,산격동
대구광역시 북구청 정보통신과,산격로서9길6-1(2),,어린이보호,35.89522,128.60223,2021-06-30,산격로서9길6-1(2),산격동
대구광역시 북구청 정보통신과,구리로169(1),,어린이보호,35.94799,128.57311,2021-06-30,구리로169(1),국우동
대구광역시 북구청 정보통신과,구리로169(2),,어린이보호,35.94799,128.57311,2021-06-30,구리로169(2),국우동
대구광역시 북구청 정보통신과,구리로169(3),,어린이보호,35.94799,128.57311,2021-06-30,구리로169(3),국우동
대구광역시 북구청 정보통신과,학정로48길42-6(1),,어린이보호,35.92723,128.56068,2021-06-30,학정로48길42-6(1),구암동
대구광역시 북구청 정보통신과,학정로48길42-6(2),,어린이보호,35.92723,128.56068,2021-06-30,학정로48길42-6(2),구암동
대구광역시 북구청 정보통신과,산격동 1519-16 동성맨션,,어린이보호,35.89913,128.59362,2021-06-30,산격동 1519-16 동성맨션,산격동
대구광역시 북구청 정보통신과,학정로42길 28,,어린이보호,35.92616,128.55806,2021-06-30,학정로42길 28,구암동
대구광역시 북구청 정보통신과,학정로42길27(4),,어린이보호,35.92632,128.55785,2021-06-30,학정로42길27(4),구암동
대구광역시 북구청 정보통신과,대천로101(1),,어린이보호,35.93701,128.56034,2021-06-30,대천로101(1),동천동
대구광역시 북구청 정보통신과,대천로101(2),,어린이보호,35.93701,128.56034,2021-06-30,대천로101(2),동천동
대구광역시 북구청 정보통신과,관음중앙로 106,,어린이보호,35.94334,128.54523,2021-06-30,관음중앙로 106,관음동
대구광역시 북구청 정보통신과,관음중앙로22길 8,,어린이보호,35.94282,128.5456,2021-06-30,관음중앙로22길 8,관음동
대구광역시 북구청 정보통신과,관음중앙로22길 8,,어린이보호,35.94282,128.5456,2021-06-30,관음중앙로22길 8,관음동
대구광역시 북구청 정보통신과,관음중앙로 100,,어린이보호,35.94284,128.54509,2021-06-30,관음중앙로 100,관음동
대구광역시 북구청 정보통신과,침산동 1324,,어린이보호,35.89457,128.58384,2021-06-30,침산동 1324,침산동
대구광역시 북구청 정보통신과,오봉로6길10(1),,어린이보호,35.88985,128.5777,2021-06-30,오봉로6길10(1),노원동
대구광역시 북구청 정보통신과,오봉로6길10(2),,어린이보호,35.88985,128.5777,2021-06-30,오봉로6길10(2),노원동
대구광역시 북구청 정보통신과,칠곡중앙대로86길17-1(1),,어린이보호,35.93431,128.55032,2021-06-30,칠곡중앙대로86길17-1(1),읍내동
대구광역시 북구청 정보통신과,칠곡중앙대로86길17-1(3),,어린이보호,35.93431,128.55032,2021-06-30,칠곡중앙대로86길17-1(3),읍내동
대구광역시 북구청 정보통신과,칠곡중앙대로86길17-1(4),,어린이보호,35.93431,128.55032,2021-06-30,칠곡중앙대로86길17-1(4),읍내동
대구광역시 북구청 정보통신과,환성정길12-11(1),,어린이보호,35.92315,128.59533,2021-06-30,환성정길12-11(1),서변동
대구광역시 북구청 정보통신과,환성정길12-11(2),,어린이보호,35.92315,128.59533,2021-06-30,환성정길12-11(2),서변동
대구광역시 북구청 정보통신과,연암로34길 2-1,,어린이보호,35.89967,128.59677,2021-06-30,연암로34길 2-1,산격동
대구광역시 북구청 정보통신과,서변로3길79-2,,어린이보호,35.92315,128.59597,2021-06-30,서변로3길79-2,서변동
대구광역시 북구청 정보통신과,복현로20길73-1(2),,어린이보호,35.90599,128.62123,2021-06-30,복현로20길73-1(2),복현동
대구광역시 북구청 정보통신과,복현로20길75-7,,어린이보호,35.9061,128.62094,2021-06-30,복현로20길75-7,복현동
대구광역시 북구청 정보통신과,복현로20길74,,어린이보호,35.90598,128.62149,2021-06-30,복현로20길74,복현동
대구광역시 북구청 정보통신과,칠곡중앙대로126길3(1),,어린이보호,35.95111,128.55394,2021-06-30,칠곡중앙대로126길3(1),읍내동
대구광역시 북구청 정보통신과,칠곡중앙대로126길3(2),,어린이보호,35.95111,128.55394,2021-06-30,칠곡중앙대로126길3(2),읍내동
대구광역시 북구청 정보통신과,칠곡중앙대로126길3(3),,어린이보호,35.95111,128.55394,2021-06-30,칠곡중앙대로126길3(3),읍내동
대구광역시 북구청 정보통신과,경대로7길60,,어린이보호,35.88588,128.60814,2021-06-30,경대로7길60,대현동
대구광역시 북구청 정보통신과,경대로7길55(3),,어린이보호,35.88568,128.60824,2021-06-30,경대로7길55(3),대현동
대구광역시 북구청 정보통신과,구암로50길16-2(1),,어린이보호,35.93413,128.56743,2021-06-30,구암로50길16-2(1),구암동
대구광역시 북구청 정보통신과,동변로20길28(1),,어린이보호,35.9227,128.6014,2021-06-30,동변로20길28(1),동변동
대구광역시 북구청 정보통신과,동변로20길 29,,어린이보호,35.92272,128.60112,2021-06-30,동변로20길 29,동변동
대구광역시 북구청 정보통신과,신천동로148길 52,,어린이보호,35.88405,128.6047,2021-06-30,신천동로148길 52,대현동
대구광역시 북구청 정보통신과,신천동로148길56(2),,어린이보호,35.884,128.60479,2021-06-30,신천동로148길56(2),대현동
대구광역시 북구청 정보통신과,학정로110-22(1),,어린이보호,35.91717,128.55205,2021-06-30,학정로110-22(1),태전동
대구광역시 북구청 정보통신과,학정로110-22(2),,어린이보호,35.91717,128.55205,2021-06-30,학정로110-22(2),태전동
대구광역시 북구청 정보통신과,연암로4길 35,,어린이보호,35.89024,128.6031,2021-06-30,연암로4길 35,산격동
대구광역시 북구청 정보통신과,연암로4길 39,,어린이보호,35.89039,128.60329,2021-06-30,연암로4길 39,산격동
대구광역시 북구청 정보통신과,침산남로9길6-6,,어린이보호,35.88973,128.58135,2021-06-30,침산남로9길6-6,노원동
대구광역시 북구청 정보통신과,침산남로9길6-6,,어린이보호,35.88973,128.58135,2021-06-30,침산남로9길6-6,노원동
대구광역시 북구청 정보통신과,고성로34길 91,,어린이보호,35.87956,128.5884,2021-06-30,고성로34길 91,고성동
대구광역시 북구청 정보통신과,고성로34길 90,,어린이보호,35.87939,128.58814,2021-06-30,고성로34길 90,고성동
대구광역시 북구청 정보통신과,영송로15,,어린이보호,35.92684,128.54403,2021-06-30,영송로15,태전동
대구광역시 북구청 정보통신과,영송로15,,어린이보호,35.92684,128.54403,2021-06-30,영송로15,태전동
대구광역시 북구청 정보통신과,영송로15,,어린이보호,35.92684,128.54403,2021-06-30,영송로15,태전동
대구광역시 북구청 정보통신과,구암로60길 35,,어린이보호,35.93829,128.56989,2021-06-30,구암로60길 35,구암동
대구광역시 북구청 정보통신과,구암로60길38,,어린이보호,35.93866,128.57001,2021-06-30,구암로60길38,구암동
대구광역시 북구청 정보통신과,칠곡중앙대로43길13,,어린이보호,35.91501,128.54685,2021-06-30,칠곡중앙대로43길13,태전동
대구광역시 북구청 정보통신과,칠곡중앙대로43길13,,어린이보호,35.91501,128.54685,2021-06-30,칠곡중앙대로43길13,태전동
대구광역시 북구청 정보통신과,도남길57-1,,어린이보호,35.95403,128.58058,2021-06-30,도남길57-1,국우동
대구광역시 북구청 정보통신과,구암로50길16-2(3),,어린이보호,35.93413,128.56743,2021-06-30,구암로50길16-2(3),구암동
대구광역시 북구청 정보통신과,오봉로6길6(1),,어린이보호,35.88993,128.57736,2021-06-30,오봉로6길6(1),노원동
대구광역시 북구청 정보통신과,침산남로 180-6,,어린이보호,35.8868,128.59487,2021-06-30,침산남로 180-6,침산동
대구광역시 북구청 정보통신과,침산남로32길17(2),,어린이보호,35.88703,128.59324,2021-06-30,침산남로32길17(2),침산동
대구광역시 북구청 정보통신과,칠곡중앙대로42길7(1),,어린이보호,35.9157,128.54954,2021-06-30,칠곡중앙대로42길7(1),태전동
대구광역시 북구청 정보통신과,칠곡중앙대로42길7(2),,어린이보호,35.9157,128.54954,2021-06-30,칠곡중앙대로42길7(2),태전동
대구광역시 북구청 정보통신과,칠곡중앙대로42길2(1),,어린이보호,35.91543,128.5489,2021-06-30,칠곡중앙대로42길2(1),태전동
대구광역시 북구청 정보통신과,칠곡중앙대로126길21-5,,어린이보호,35.94968,128.55482,2021-06-30,칠곡중앙대로126길21-5,읍내동
대구광역시 북구청 정보통신과,칠곡중앙대로126길21-34,,어린이보호,35.94947,128.55529,2021-06-30,칠곡중앙대로126길21-34,읍내동
대구광역시 북구청 정보통신과,칠곡중앙대로126길19(1),,어린이보호,35.94978,128.55444,2021-06-30,칠곡중앙대로126길19(1),읍내동
대구광역시 북구청 정보통신과,칠곡중앙대로126길19(2),,어린이보호,35.94978,128.55444,2021-06-30,칠곡중앙대로126길19(2),읍내동
대구광역시 북구청 정보통신과,환성정길17-2(1),,어린이보호,35.92283,128.59451,2021-06-30,환성정길17-2(1),서변동
대구광역시 북구청 정보통신과,환성정길 15,,어린이보호,35.92271,128.59505,2021-06-30,환성정길 15,서변동
대구광역시 북구청 정보통신과,환성정길 15,,어린이보호,35.92271,128.59505,2021-06-30,환성정길 15,서변동
대구광역시 북구청 정보통신과,환성정길17-2(4),,어린이보호,35.92283,128.59451,2021-06-30,환성정길17-2(4),서변동
대구광역시 북구청 정보통신과,도남길57-1,,어린이보호,35.95403,128.58058,2021-06-30,도남길57-1,국우동
대구광역시 북구청 정보통신과,학정동로87,,어린이보호,35.9516,128.56803,2021-06-30,학정동로87,학정동
대구광역시 북구청 정보통신과,학정로 106길 29,,어린이보호,35.95177,128.56875,2021-06-30,학정로 106길 29,학정동
대구광역시 북구청 정보통신과,고성로34길 57,,어린이보호,35.87998,128.58647,2021-06-30,고성로34길 57,고성동
대구광역시 북구청 정보통신과,고성로34길 73,,어린이보호,35.87975,128.5874,2021-06-30,고성로34길 73,고성동
대구광역시 북구청 정보통신과,산격동 1519-4,,어린이보호,35.88968,128.59999,2021-06-30,산격동 1519-4,산격동
대구광역시 북구청 정보통신과,침산남로37길10침산동118-7,,어린이보호,35.88829,128.59617,2021-06-30,침산남로37길10침산동118-7,침산동
대구광역시 북구청 정보통신과,매천로37길8,,어린이보호,35.91357,128.54162,2021-06-30,매천로37길8,매천동
대구광역시 북구청 정보통신과,매천로37길8,,어린이보호,35.91357,128.54162,2021-06-30,매천로37길8,매천동
대구광역시 북구청 정보통신과,칠곡중앙대로43길33,,어린이보호,35.91506,128.54451,2021-06-30,칠곡중앙대로43길33,태전동
대구광역시 북구청 정보통신과,칠곡중앙대로43길33,,어린이보호,35.91506,128.54451,2021-06-30,칠곡중앙대로43길33,태전동
대구광역시 북구청 정보통신과,관음중앙로164(2-2),,어린이보호,35.94477,128.55018,2021-06-30,관음중앙로164(2-2),읍내동
대구광역시 북구청 정보통신과,대천로42건너편(1),,어린이보호,35.9373,128.55364,2021-06-30,대천로42건너편(1),읍내동
대구광역시 북구청 정보통신과,동변로60(동변초교건너)(2)-2,,어린이보호,35.91913,128.60422,2021-06-30,동변로60(동변초교건너)(2)-2,동변동
대구광역시 북구청 정보통신과,학남로 32,,어린이보호,35.94822,128.5687,2021-06-30,학남로 32,학정동
대구광역시 북구청 정보통신과,옥산로17길21,,어린이보호,35.88627,128.5842,2021-06-30,옥산로17길21,침산동
대구광역시 북구청 정보통신과,칠곡중앙대로80길26(2),,어린이보호,35.93022,128.55085,2021-06-30,칠곡중앙대로80길26(2),태전동
대구광역시 북구청 정보통신과,학정로245(1)-2,,어린이보호,35.92814,128.55775,2021-06-30,학정로245(1)-2,구암동
대구광역시 북구청 정보통신과,동천동880번지(1)-2,,어린이보호,35.93348,128.55944,2021-06-30,동천동880번지(1)-2,동천동
대구광역시 북구청 정보통신과,연암로25길24(2),,어린이보호,35.89669,128.59454,2021-06-30,연암로25길24(2),산격동
대구광역시 북구청 정보통신과,산격로서9길 14,,어린이보호,35.89523,128.60144,2021-06-30,산격로서9길 14,산격동
대구광역시 북구청 정보통신과,산격로서9길 17-2,,어린이보호,35.89499,128.60077,2021-06-30,산격로서9길 17-2,산격동
대구광역시 북구청 정보통신과,침산남로13길40,,어린이보호,35.89156,128.57994,2021-06-30,침산남로13길40,침산동
대구광역시 북구청 정보통신과,구암동 773,,어린이보호,35.94253,128.5694,2021-06-30,구암동 773,구암동
대구광역시 북구청 정보통신과,옥산로17길 41,,어린이보호,35.88782,128.58625,2021-06-30,옥산로17길 41,침산동
대구광역시 북구청 정보통신과,동북로37길64,,어린이보호,35.90254,128.61023,2021-06-30,동북로37길64,산격동
대구광역시 북구청 정보통신과,대동로1길 43,,어린이보호,35.89832,128.6117,2021-06-30,대동로1길 43,산격동
대구광역시 북구청 정보통신과,산격로10길22,,어린이보호,35.89484,128.60777,2021-06-30,산격로10길22,산격동
대구광역시 북구청 정보통신과,중앙대로118길 41,,어린이보호,35.88352,128.59894,2021-06-30,중앙대로118길 41,침산동
대구광역시 북구청 정보통신과,중앙대로118길 47,,어린이보호,35.88333,128.59907,2021-06-30,중앙대로118길 47,침산동
대구광역시 북구청 정보통신과,침산로22길5,,어린이보호,35.88608,128.59126,2021-06-30,침산로22길5,침산동
대구광역시 북구청 정보통신과,관음중앙로29길6,,어린이보호,35.94544,128.54853,2021-06-30,관음중앙로29길6,읍내동
대구광역시 북구청 정보통신과,매천로2길21,,어린이보호,35.89729,128.5446,2021-06-30,매천로2길21,팔달동
대구광역시 북구청 정보통신과,영송로 70,,어린이보호,35.93151,128.54462,2021-06-30,영송로 70,태전동
대구광역시 북구청 정보통신과,칠곡중앙대로77길23-12,,어린이보호,35.93058,128.54526,2021-06-30,칠곡중앙대로77길23-12,태전동
대구광역시 북구청 정보통신과,검단북로40길11,,어린이보호,35.91535,128.62804,2021-06-30,검단북로40길11,검단동
대구광역시 북구청 정보통신과,대천로18길1(1),,어린이보호,35.93675,128.55851,2021-06-30,대천로18길1(1),동천동
대구광역시 북구청 정보통신과,대천로18길1(2),,어린이보호,35.93675,128.55851,2021-06-30,대천로18길1(2),동천동
대구광역시 북구청 정보통신과,고성북로7-10,,어린이보호,35.88087,128.58195,2021-06-30,고성북로7-10,고성동
대구광역시 북구청 정보통신과,대구광역시 북구 중앙대로_617-27,,어린이보호,35.8879942,128.5977542,2021-06-30,대구광역시 북구 중앙대로_617-27,침산동
대구광역시 북구청 정보통신과,대구광역시 북구 성북로_39,,어린이보호,35.8914523,128.5878089,2021-06-30,대구광역시 북구 성북로_39,침산동
대구광역시 북구청 정보통신과,성북로9길_13,,어린이보호,35.89047,128.58459,2021-06-30,성북로9길_13,침산동
대구광역시 북구청 정보통신과,대구광역시 북구 연암로33길_5,,어린이보호,35.8984893,128.5951222,2021-06-30,대구광역시 북구 연암로33길_5,산격동
대구광역시 북구청 정보통신과,대구광역시 북구 동북로서37길_10,,어린이보호,35.8995655,128.6122939,2021-06-30,대구광역시 북구 동북로서37길_10,산격동
대구광역시 북구청 정보통신과,경대로23길_45,,어린이보호,35.88363,128.61293,2021-06-30,경대로23길_45,대현동
대구광역시 북구청 정보통신과,대천로18길5(1),,어린이보호,35.93636,128.5585,2021-06-30,대천로18길5(1),동천동
대구광역시 북구청 정보통신과,대천로18길5(2),,어린이보호,35.93636,128.5585,2021-06-30,대천로18길5(2),동천동
대구광역시 북구청 정보통신과,매천로167-11(1),,어린이보호,35.91212,128.54182,2021-06-30,매천로167-11(1),매천동
대구광역시 북구청 정보통신과,매천로167-11(2),,어린이보호,35.91212,128.54182,2021-06-30,매천로167-11(2),매천동
대구광역시 북구청 정보통신과,매천로2길41,,어린이보호,35.89755,128.54655,2021-06-30,매천로2길41,팔달동
대구광역시 북구청 정보통신과,매천로2길19-26,,어린이보호,35.89947,128.54437,2021-06-30,매천로2길19-26,팔달동
대구광역시 북구청 정보통신과,침산남로서9길5,,어린이보호,35.89149,128.58079,2021-06-30,침산남로서9길5,침산동
대구광역시 북구청 정보통신과,침산남로13길40,,어린이보호,35.89156,128.57994,2021-06-30,침산남로13길40,침산동
대구광역시 북구청 정보통신과,침산남로13길 40-1,,어린이보호,35.89167,128.58002,2021-06-30,침산남로13길 40-1,침산동
대구광역시 북구청 정보통신과,침산남로서9길7,,어린이보호,35.89162,128.58074,2021-06-30,침산남로서9길7,침산동
대구광역시 북구청 정보통신과,침산남로39길 19,,어린이보호,35.88872,128.59705,2021-06-30,침산남로39길 19,침산동
대구광역시 북구청 정보통신과,침산남로39길19(2),,어린이보호,35.88872,128.59705,2021-06-30,침산남로39길19(2),침산동
대구광역시 북구청 정보통신과,침산남로39길19(3),,어린이보호,35.88872,128.59705,2021-06-30,침산남로39길19(3),침산동
대구광역시 북구청 정보통신과,대불서길34(1),,어린이보호,35.90245,128.6131,2021-06-30,대불서길34(1),산격동
대구광역시 북구청 정보통신과,대불서길34(2),,어린이보호,35.90245,128.6131,2021-06-30,대불서길34(2),산격동
대구광역시 북구청 정보통신과,대불서길30(1),,어린이보호,35.90206,128.61342,2021-06-30,대불서길30(1),산격동
대구광역시 북구청 정보통신과,대불서길30(2),,어린이보호,35.90206,128.61342,2021-06-30,대불서길30(2),산격동
대구광역시 북구청 정보통신과,동북로26길 26,,어린이보호,35.89982,128.60516,2021-06-30,동북로26길 26,산격동
대구광역시 북구청 정보통신과,동북로26길 24,,어린이보호,35.89993,128.60546,2021-06-30,동북로26길 24,산격동
대구광역시 북구청 정보통신과,대천로9길23(1),,어린이보호,35.93888,128.55546,2021-06-30,대천로9길23(1),읍내동
대구광역시 북구청 정보통신과,대천로9길23(2),,어린이보호,35.93888,128.55546,2021-06-30,대천로9길23(2),읍내동
대구광역시 북구청 정보통신과,태전동 608-25,,어린이보호,35.91931,128.54814,2021-06-30,태전동 608-25,태전동
대구광역시 북구청 정보통신과,태전동 614-3,,어린이보호,35.91911,128.55052,2021-06-30,태전동 614-3,태전동
대구광역시 북구청 정보통신과,구암동 785-1,,어린이보호,35.94086,128.56677,2021-06-30,구암동 785-1,구암동
대구광역시 북구청 정보통신과,복현동 338-1,,어린이보호,35.89391,128.62272,2021-06-30,복현동 338-1,복현동
대구광역시 북구청 정보통신과,경진로 69-7,,어린이보호,35.89209,128.61916,2021-06-30,경진로 69-7,복현동
대구광역시 북구청 정보통신과,공항로 16,,어린이보호,35.89727,128.61732,2021-06-30,공항로 16,복현동
대구광역시 북구청 정보통신과,관음동 1402,,어린이보호,35.93604,128.54854,2021-06-30,관음동 1402,관음동
대구광역시 북구청 정보통신과,관음동 1386-15,,어린이보호,35.93659,128.54874,2021-06-30,관음동 1386-15,관음동
대구광역시 북구청 정보통신과,복현로20길_20,,어린이보호,35.8939,128.62383,2021-06-30,복현로20길_20,복현동
대구광역시 북구청 정보통신과,복현로20길_14,,어린이보호,35.8939,128.62383,2021-06-30,복현로20길_14,복현동
대구광역시 북구청 정보통신과,동북로57길_9-5,,어린이보호,35.90246,128.59998,2021-06-30,동북로57길_9-5,산격동
대구광역시 북구청 정보통신과,대현남로6길 1,,어린이보호,35.88143,128.60753,2021-06-30,대현남로6길 1,대현동
대구광역시 북구청 정보통신과,대구광역시 북구 검단로49길_37,,어린이보호,35.9154173,128.6259211,2021-06-30,대구광역시 북구 검단로49길_37,검단동
대구광역시 북구청 정보통신과,동변로20길 17-4,,어린이보호,35.92181,128.6019,2021-06-30,동변로20길 17-4,동변동
대구광역시 북구청 정보통신과,동변로20길 24,,어린이보호,35.92264,128.60162,2021-06-30,동변로20길 24,동변동
대구광역시 북구청 정보통신과,태전로15길 17,,어린이보호,35.92605,128.54092,2021-06-30,태전로15길 17,태전동
대구광역시 북구청 정보통신과,칠곡중앙대로71길 30-11,,어린이보호,35.92819,128.54568,2021-06-30,칠곡중앙대로71길 30-11,태전동
대구광역시 북구청 정보통신과,대구광역시 북구 학정로1길_22,,어린이보호,35.9150524,128.5443509,2021-06-30,대구광역시 북구 학정로1길_22,태전동
대구광역시 북구청 정보통신과,칠곡중앙대로46길_31-20_삼거리,,어린이보호,35.90024,128.54794,2021-06-30,칠곡중앙대로46길_31-20_삼거리,팔달동
대구광역시 북구청 정보통신과,대구광역시 북구 학정로48길_39_(1),,어린이보호,35.9271524,128.5598741,2021-06-30,대구광역시 북구 학정로48길_39_(1),구암동
대구광역시 북구청 정보통신과,대구광역시 북구 학정로48길_39_(2),,어린이보호,35.9271524,128.5598741,2021-06-30,대구광역시 북구 학정로48길_39_(2),구암동
대구광역시 북구청 정보통신과,관음동로13길 13-9,,어린이보호,35.93822,128.5461,2021-06-30,관음동로13길 13-9,관음동
대구광역시 북구청 정보통신과,대구광역시 북구 관음중앙로22길_8-21,,어린이보호,35.9420562,128.5456394,2021-06-30,대구광역시 북구 관음중앙로22길_8-21,관음동
대구광역시 북구청 정보통신과,대구광역시 북구 관음동로9길_17,,어린이보호,35.9372931,128.5451422,2021-06-30,대구광역시 북구 관음동로9길_17,관음동
대구광역시 북구청 정보통신과,대구광역시 북구 학정로_298(구암동),,어린이보호,35.9311216,128.561722,2021-06-30,대구광역시 북구 학정로_298(구암동),구암동
대구광역시 북구청 정보통신과,대구광역시 북구 관음중앙로33길_8-1,,어린이보호,35.9456108,128.549982,2021-06-30,대구광역시 북구 관음중앙로33길_8-1,읍내동
대구광역시 북구청 정보통신과,대구광역시 북구 관음중앙로33길_3-9,,어린이보호,35.9455874,128.5491782,2021-06-30,대구광역시 북구 관음중앙로33길_3-9,읍내동
대구광역시 북구청 정보통신과,대구광역시 북구 도남길_45-10,,어린이보호,35.9533557,128.5805556,2021-06-30,대구광역시 북구 도남길_45-10,국우동
대구광역시 북구청 정보통신과,대구광역시 북구 학정동로13길_10-20,,어린이보호,35.9509364,128.5670139,2021-06-30,대구광역시 북구 학정동로13길_10-20,학정동
대구광역시 북구청 정보통신과,대구광역시 북구 도남길_33-9,,어린이보호,35.9522108,128.5800465,2021-06-30,대구광역시 북구 도남길_33-9,국우동
대구광역시 북구청 정보통신과,대동로3길_20_인근,,어린이보호,35.89837,128.60757,2021-06-30,대동로3길_20_인근,산격동
대구광역시 북구청 정보통신과,관음동 1364-24,,어린이보호,35.93729,128.54692,2021-06-30,관음동 1364-24,관음동
대구광역시 북구청 정보통신과,태전동 1008,,어린이보호,35.93035,128.54973,2021-06-30,태전동 1008,태전동
대구광역시 북구청 정보통신과,태암로5길 6,,어린이보호,35.92882,128.55088,2021-06-30,태암로5길 6,태전동
대구광역시 북구청 정보통신과,관음동 184-13,,어린이보호,35.94269,128.54636,2021-06-30,관음동 184-13,관음동
대구광역시 북구청 정보통신과,관음중앙로21길 8,,어린이보호,35.9435,128.54431,2021-06-30,관음중앙로21길 8,관음동
대구광역시 북구청 정보통신과,관음동 1292-16,,어린이보호,35.94143,128.5472,2021-06-30,관음동 1292-16,관음동
대구광역시 북구청 정보통신과,관음동로15길 14-1,,어린이보호,35.93951,128.54558,2021-06-30,관음동로15길 14-1,관음동
대구광역시 북구청 정보통신과,읍내동 780-5,,어린이보호,35.94317,128.54978,2021-06-30,읍내동 780-5,읍내동
대구광역시 북구청 정보통신과,읍내동 779-2,,어린이보호,35.94325,128.54888,2021-06-30,읍내동 779-2,읍내동
대구광역시 북구청 정보통신과,구암동 688-1,,어린이보호,35.92793,128.55521,2021-06-30,구암동 688-1,구암동
대구광역시 북구청 정보통신과,대불로5길 16,,어린이보호,35.9022,128.61188,2021-06-30,대불로5길 16,산격동
대구광역시 북구청 정보통신과,대불서길 8,,어린이보호,35.90061,128.61482,2021-06-30,대불서길 8,산격동
대구광역시 북구청 정보통신과,동북로 190-12,,어린이보호,35.89787,128.61276,2021-06-30,동북로 190-12,산격동
대구광역시 북구청 정보통신과,대학로 145-8,,어린이보호,35.89716,128.61363,2021-06-30,대학로 145-8,산격동
대구광역시 북구청 정보통신과,산격동 793-85,,어린이보호,35.89529,128.5938,2021-06-30,산격동 793-85,산격동
대구광역시 북구청 정보통신과,연암로25길 40,,어린이보호,35.89778,128.59342,2021-06-30,연암로25길 40,산격동
대구광역시 북구청 정보통신과,연암공원로28길 17-2,,어린이보호,35.89914,128.60567,2021-06-30,연암공원로28길 17-2,산격동
대구광역시 북구청 정보통신과,연암공원로 142,,어린이보호,35.90052,128.60563,2021-06-30,연암공원로 142,산격동
대구광역시 북구청 정보통신과,읍내동 1362-2,,어린이보호,35.93762,128.55496,2021-06-30,읍내동 1362-2,읍내동
대구광역시 북구청 정보통신과,읍내동 967-1,,어린이보호,35.93874,128.5524,2021-06-30,읍내동 967-1,읍내동
대구광역시 북구청 정보통신과,국우동 1114-10,,어린이보호,35.94699,128.57721,2021-06-30,국우동 1114-10,국우동
대구광역시 북구청 정보통신과,동변동 698,,어린이보호,35.91644,128.60419,2021-06-30,동변동 698,동변동
대구광역시 북구청 정보통신과,동변로14길 1,,어린이보호,35.91968,128.60383,2021-06-30,동변로14길 1,동변동
대구광역시 북구청 정보통신과,매천동 173,,어린이보호,35.91332,128.54103,2021-06-30,매천동 173,매천동
대구광역시 북구청 정보통신과,대천로9길23(3),,어린이보호,35.93888,128.55546,2021-06-30,대천로9길23(3),읍내동
대구광역시 북구청 정보통신과,대천로9길19,,어린이보호,35.93886,128.5552,2021-06-30,대천로9길19,읍내동
대구광역시 북구청 정보통신과,산격동 1233-3,,어린이보호,35.89984,128.60471,2021-06-30,산격동 1233-3,산격동
대구광역시 북구청 정보통신과,산격동 1233-3,,어린이보호,35.89984,128.60471,2021-06-30,산격동 1233-3,산격동
대구광역시 북구청 정보통신과,칠성로19길18(1),,어린이보호,35.88035,128.59971,2021-06-30,칠성로19길18(1),칠성동
대구광역시 북구청 정보통신과,칠성로19길18(2),,어린이보호,35.88035,128.59971,2021-06-30,칠성로19길18(2),칠성동
대구광역시 북구청 정보통신과,복현로14,,어린이보호,35.89343,128.62332,2021-06-30,복현로14,복현동
대구광역시 북구청 정보통신과,복현로16-1,,어린이보호,35.89358,128.62347,2021-06-30,복현로16-1,복현동
대구광역시 북구청 정보통신과,복현로8,,어린이보호,35.89307,128.62298,2021-06-30,복현로8,복현동
대구광역시 북구청 정보통신과,복현동 214-19,,어린이보호,35.89619,128.61969,2021-06-30,복현동 214-19,복현동
대구광역시 북구청 정보통신과,복현동 214-19,,어린이보호,35.89619,128.61969,2021-06-30,복현동 214-19,복현동
대구광역시 북구청 정보통신과,복현로북2길5(1),,어린이보호,35.89322,128.62378,2021-06-30,복현로북2길5(1),복현동
대구광역시 북구청 정보통신과,복현로북2길5(2),,어린이보호,35.89322,128.62378,2021-06-30,복현로북2길5(2),복현동
대구광역시 북구청 정보통신과,대구광역시 북구 복현로2길13,,어린이보호,35.8924319,128.6239062,2021-06-30,대구광역시 북구 복현로2길13,복현동
대구광역시 북구청 정보통신과,복현로2길8,,어린이보호,35.89254,128.62355,2021-06-30,복현로2길8,복현동
대구광역시 북구청 정보통신과,검단로243(1),,어린이보호,35.91514,128.62949,2021-06-30,검단로243(1),검단동
대구광역시 북구청 정보통신과,검단로243(2),,어린이보호,35.91514,128.62949,2021-06-30,검단로243(2),검단동
대구광역시 북구청 정보통신과,검단로255,,어린이보호,35.91633,128.62815,2021-06-30,검단로255,검단동
대구광역시 북구청 정보통신과,칠곡중앙대로46길31-2(1),,어린이보호,35.9194,128.55011,2021-06-30,칠곡중앙대로46길31-2(1),태전동
대구광역시 북구청 정보통신과,칠곡중앙대로46길31-2(2),,어린이보호,35.9194,128.55011,2021-06-30,칠곡중앙대로46길31-2(2),태전동
대구광역시 북구청 정보통신과,칠곡중앙대로46길31-2(3),,어린이보호,35.9194,128.55011,2021-06-30,칠곡중앙대로46길31-2(3),태전동
대구광역시 북구청 정보통신과,칠곡중앙대로46길 43-2,,어린이보호,35.92029,128.55054,2021-06-30,칠곡중앙대로46길 43-2,태전동
대구광역시 북구청 정보통신과,대천로18길1(3),,어린이보호,35.93675,128.55851,2021-06-30,대천로18길1(3),동천동
대구광역시 북구청 정보통신과,태전로1길9,,어린이보호,35.92042,128.54511,2021-06-30,태전로1길9,태전동
대구광역시 북구청 정보통신과,대동로36,,어린이보호,35.89694,128.61038,2021-06-30,대동로36,산격동
대구광역시 북구청 정보통신과,칠성시장로23길 47,,어린이보호,35.88231,128.59863,2021-06-30,칠성시장로23길 47,침산동
대구광역시 북구청 정보통신과,학정로7길2,,어린이보호,35.91385,128.54674,2021-06-30,학정로7길2,태전동
대구광역시 북구청 정보통신과,영송로67(1),,어린이보호,35.93146,128.54423,2021-06-30,영송로67(1),태전동
대구광역시 북구청 정보통신과,영송로67(2),,어린이보호,35.93146,128.54423,2021-06-30,영송로67(2),태전동
대구광역시 북구청 정보통신과,칠곡중앙대로397-20,,어린이보호,35.93164,128.54615,2021-06-30,칠곡중앙대로397-20,태전동
대구광역시 북구청 정보통신과,매천로204(1),,어린이보호,35.91518,128.54259,2021-06-30,매천로204(1),태전동
대구광역시 북구청 정보통신과,매천로204(2),,어린이보호,35.91518,128.54259,2021-06-30,매천로204(2),태전동
대구광역시 북구청 정보통신과,매천로204(3),,어린이보호,35.91518,128.54259,2021-06-30,매천로204(3),태전동
대구광역시 북구청 정보통신과,구암로32길 13(1),,어린이보호,35.93016,128.55816,2021-06-30,구암로32길 13(1),구암동
대구광역시 북구청 정보통신과,구암로32길 13(2),,어린이보호,35.93016,128.55816,2021-06-30,구암로32길 13(2),구암동
대구광역시 북구청 정보통신과,구암로32길 13(3),,어린이보호,35.93016,128.55816,2021-06-30,구암로32길 13(3),구암동
대구광역시 북구청 정보통신과,태암로18길20-7(1),,어린이보호,35.92597,128.55501,2021-06-30,태암로18길20-7(1),구암동
대구광역시 북구청 정보통신과,태암로18길20-7(2),,어린이보호,35.92597,128.55501,2021-06-30,태암로18길20-7(2),구암동
대구광역시 북구청 정보통신과,태암로18길30-18,,어린이보호,35.92548,128.55489,2021-06-30,태암로18길30-18,구암동
대구광역시 북구청 정보통신과,태암로18길19,,어린이보호,35.92545,128.55546,2021-06-30,태암로18길19,구암동
대구광역시 북구청 정보통신과,칠곡중앙대로99길45-11(1),,어린이보호,35.94081,128.54546,2021-06-30,칠곡중앙대로99길45-11(1),관음동
대구광역시 북구청 정보통신과,칠곡중앙대로99길45-11(2),,어린이보호,35.94081,128.54546,2021-06-30,칠곡중앙대로99길45-11(2),관음동
대구광역시 북구청 정보통신과,구암로21길6(1),,어린이보호,35.93275,128.55281,2021-06-30,구암로21길6(1),읍내동
대구광역시 북구청 정보통신과,검단동 936-25,,어린이보호,35.90617,128.61978,2021-06-30,검단동 936-25,검단동
대구광역시 북구청 정보통신과,복현로34길 17,,어린이보호,35.90422,128.62071,2021-06-30,복현로34길 17,복현동
대구광역시 북구청 정보통신과,복현동 산 47-2,,어린이보호,35.89799,128.62526,2021-06-30,복현동 산 47-2,복현동
대구광역시 북구청 정보통신과,읍내동 459,,어린이보호,35.94735,128.55467,2021-06-30,읍내동 459,읍내동
대구광역시 북구청 정보통신과,서변로3길 39,,어린이보호,35.92025,128.59411,2021-06-30,서변로3길 39,서변동
대구광역시 북구청 정보통신과,호국로57길 36,,어린이보호,35.92702,128.5949,2021-06-30,호국로57길 36,서변동
대구광역시 북구청 정보통신과,복현로36길 12,,어린이보호,35.90464,128.6204,2021-06-30,복현로36길 12,복현동
대구광역시 북구청 정보통신과,구암동 787-4,,어린이보호,35.93717,128.5635,2021-06-30,구암동 787-4,구암동
대구광역시 북구청 정보통신과,조야동 92-10,,어린이보호,35.90927,128.57883,2021-06-30,조야동 92-10,조야동
대구광역시 북구청 정보통신과,읍내동 1010,,어린이보호,35.93927,128.55324,2021-06-30,읍내동 1010,읍내동
대구광역시 북구청 정보통신과,칠성동2가 715,,어린이보호,35.87862,128.59186,2021-06-30,칠성동2가 715,칠성동
대구광역시 북구청 정보통신과,읍내동 803-2,,어린이보호,35.94681,128.55218,2021-06-30,읍내동 803-2,읍내동
대구광역시 북구청 정보통신과,읍내동 820-13,,어린이보호,35.9453,128.5537,2021-06-30,읍내동 820-13,읍내동
대구광역시 북구청 정보통신과,칠성동2가 115-8,,어린이보호,35.88441,128.59199,2021-06-30,칠성동2가 115-8,칠성동
대구광역시 북구청 정보통신과,침산동 452-29,,어린이보호,35.89097,128.58455,2021-06-30,침산동 452-29,침산동
대구광역시 북구청 정보통신과,태전동 429-3,,어린이보호,35.92284,128.55131,2021-06-30,태전동 429-3,태전동
대구광역시 북구청 정보통신과,태전동 1075-6,,어린이보호,35.92493,128.55032,2021-06-30,태전동 1075-6,구암동
대구광역시 북구청 정보통신과,태전동 957-2,,어린이보호,35.93025,128.5468,2021-06-30,태전동 957-2,태전동
대구광역시 북구청 정보통신과,태전동 951-11,,어린이보호,35.92968,128.54463,2021-06-30,태전동 951-11,태전동
대구광역시 북구청 정보통신과,태전동 303-2,,어린이보호,35.92638,128.54164,2021-06-30,태전동 303-2,태전동
대구광역시 북구청 정보통신과,학정동 981-6,,어린이보호,35.94666,128.56642,2021-06-30,학정동 981-6,학정동
대구광역시 북구청 정보통신과,동천동 945-9,,어린이보호,35.93461,128.55703,2021-06-30,동천동 945-9,동천동
대구광역시 북구청 정보통신과,침산동 118-12,,어린이보호,35.88838,128.5966,2021-06-30,침산동 118-12,침산동
대구광역시 북구청 정보통신과,팔달동 83-3,,어린이보호,35.89947,128.54437,2021-06-30,팔달동 83-3,팔달동
대구광역시 북구청 정보통신과,칠성로19길 4,,어린이보호,35.87922,128.60002,2021-06-30,칠성로19길 4,칠성동
대구광역시 북구청 정보통신과,칠성로17길 8,,어린이보호,35.87938,128.59858,2021-06-30,칠성로17길 8,칠성동
대구광역시 북구청 정보통신과,구암로21길6(2),,어린이보호,35.93275,128.55281,2021-06-30,구암로21길6(2),읍내동
대구광역시 북구청 정보통신과,동암로7길39(1),,어린이보호,35.94955,128.55557,2021-06-30,동암로7길39(1),읍내동
대구광역시 북구청 정보통신과,동암로7길39(2),,어린이보호,35.94955,128.55557,2021-06-30,동암로7길39(2),읍내동
대구광역시 북구청 정보통신과,동암로7길39(3),,어린이보호,35.94955,128.55557,2021-06-30,동암로7길39(3),읍내동
대구광역시 북구청 정보통신과,관음중앙로29길9,,어린이보호,35.94608,128.54836,2021-06-30,관음중앙로29길9,읍내동
대구광역시 북구청 정보통신과,관음동로32길6-13,,어린이보호,35.94612,128.54773,2021-06-30,관음동로32길6-13,읍내동
대구광역시 북구청 정보통신과,관음동로32길10,,어린이보호,35.94659,128.54735,2021-06-30,관음동로32길10,읍내동
대구광역시 북구청 정보통신과,동암로21-19(2),,어린이보호,35.94748,128.55359,2021-06-30,동암로21-19(2),읍내동
대구광역시 북구청 정보통신과,칠곡중앙대로118길20,,어린이보호,35.94753,128.55418,2021-06-30,칠곡중앙대로118길20,읍내동
대구광역시 북구청 정보통신과,동암로21-14,,어린이보호,35.94718,128.55429,2021-06-30,동암로21-14,읍내동
대구광역시 북구청 정보통신과,대천로18길32(1),,어린이보호,35.93424,128.55712,2021-06-30,대천로18길32(1),동천동
대구광역시 북구청 정보통신과,대천로18길32(2),,어린이보호,35.93424,128.55712,2021-06-30,대천로18길32(2),동천동
대구광역시 북구청 정보통신과,팔거천동로 142-3,,어린이보호,35.93685,128.55686,2021-06-30,팔거천동로 142-3,동천동
대구광역시 북구청 정보통신과,산격로13길 35-11,,어린이보호,35.89718,128.60156,2021-06-30,산격로13길 35-11,산격동
대구광역시 북구청 정보통신과,동암로37길16,,어린이보호,35.94455,128.57147,2021-06-30,동암로37길16,국우동
대구광역시 북구청 정보통신과,학정동로13길10(1),,어린이보호,35.95028,128.56691,2021-06-30,학정동로13길10(1),학정동
대구광역시 북구청 정보통신과,학정동로13길10(2),,어린이보호,35.95028,128.56691,2021-06-30,학정동로13길10(2),학정동
대구광역시 북구청 정보통신과,학정동로13길10(3),,어린이보호,35.95028,128.56691,2021-06-30,학정동로13길10(3),학정동
대구광역시 북구청 정보통신과,학정동로13길10(4),,어린이보호,35.95028,128.56691,2021-06-30,학정동로13길10(4),학정동
대구광역시 북구청 정보통신과,학남로1길2-11,,어린이보호,35.94902,128.5663,2021-06-30,학남로1길2-11,학정동
대구광역시 북구청 정보통신과,학남로9(1),,어린이보호,35.94874,128.56596,2021-06-30,학남로9(1),학정동
대구광역시 북구청 정보통신과,학남로9(2),,어린이보호,35.94874,128.56596,2021-06-30,학남로9(2),학정동
대구광역시 북구청 정보통신과,학남로9(3),,어린이보호,35.94874,128.56596,2021-06-30,학남로9(3),학정동
대구광역시 북구청 정보통신과,대현로21길8-9,,어린이보호,35.88279,128.61153,2021-06-30,대현로21길8-9,대현동
대구광역시 북구청 정보통신과,매천로15길 9,,어린이보호,35.90333,128.53988,2021-06-30,매천로15길 9,매천동
대구광역시 북구청 정보통신과,태전동 608-36,,어린이보호,35.92179,128.54991,2021-06-30,태전동 608-36,태전동
대구광역시 북구청 정보통신과,매전로 50-26,,어린이보호,35.90974,128.54774,2021-06-30,매전로 50-26,태전동
대구광역시 북구청 정보통신과,매전로 32,,어린이보호,35.9087,128.54615,2021-06-30,매전로 32,매천동
대구광역시 북구청 정보통신과,칠곡중앙대로91길18건너편,,어린이보호,35.93657,128.54689,2021-06-30,칠곡중앙대로91길18건너편,관음동
대구광역시 북구청 정보통신과,칠곡중앙대로91길18,,어린이보호,35.93657,128.54689,2021-06-30,칠곡중앙대로91길18,관음동
대구광역시 북구청 정보통신과,칠곡중앙대로99길45-26(1),,어린이보호,35.94019,128.54562,2021-06-30,칠곡중앙대로99길45-26(1),관음동
대구광역시 북구청 정보통신과,칠곡중앙대로99길45-26(2),,어린이보호,35.94019,128.54562,2021-06-30,칠곡중앙대로99길45-26(2),관음동
대구광역시 북구청 정보통신과,관음중앙로164(1),,어린이보호,35.94477,128.55018,2021-06-30,관음중앙로164(1),읍내동
대구광역시 북구청 정보통신과,구암로21길54,,어린이보호,35.9372,128.55436,2021-06-30,구암로21길54,읍내동
대구광역시 북구청 정보통신과,구리로194,,어린이보호,35.94837,128.57608,2021-06-30,구리로194,국우동
대구광역시 북구청 정보통신과,구리로194,,어린이보호,35.94837,128.57608,2021-06-30,구리로194,국우동
대구광역시 북구청 정보통신과,구리로194,,어린이보호,35.94837,128.57608,2021-06-30,구리로194,국우동
대구광역시 북구청 정보통신과,동변로60(동변초교건너)(1),,어린이보호,35.91913,128.60422,2021-06-30,동변로60(동변초교건너)(1),동변동
대구광역시 북구청 정보통신과,호국로43길31(1),,어린이보호,35.92099,128.59571,2021-06-30,호국로43길31(1),서변동
대구광역시 북구청 정보통신과,호국로43길31(2),,어린이보호,35.92099,128.59571,2021-06-30,호국로43길31(2),서변동
대구광역시 북구청 정보통신과,호국로57길42(1),,어린이보호,35.9264,128.5942,2021-06-30,호국로57길42(1),서변동
대구광역시 북구청 정보통신과,호국로57길42(2),,어린이보호,35.9264,128.5942,2021-06-30,호국로57길42(2),서변동
대구광역시 북구청 정보통신과,조야로8길 16,,어린이보호,35.90972,128.57705,2021-06-30,조야로8길 16,조야동
대구광역시 북구청 정보통신과,조야로8길 16,,어린이보호,35.90972,128.57705,2021-06-30,조야로8길 16,조야동
대구광역시 북구청 정보통신과,칠곡중앙대로110길6,,어린이보호,35.94418,128.55152,2021-06-30,칠곡중앙대로110길6,읍내동
대구광역시 북구청 정보통신과,칠곡중앙대로544,,어린이보호,35.94412,128.55112,2021-06-30,칠곡중앙대로544,읍내동
대구광역시 북구청 정보통신과,학정동로23(1),,어린이보호,35.94624,128.56628,2021-06-30,학정동로23(1),국우동
대구광역시 북구청 정보통신과,학정동로23(2),,어린이보호,35.94624,128.56628,2021-06-30,학정동로23(2),국우동
대구광역시 북구청 정보통신과,학정동로42-27,,어린이보호,35.94776,128.56817,2021-06-30,학정동로42-27,학정동
대구광역시 북구청 정보통신과,옥산로17길37(1),,어린이보호,35.88769,128.58518,2021-06-30,옥산로17길37(1),침산동
대구광역시 북구청 정보통신과,칠성시장로23길 56,,어린이보호,35.88222,128.59817,2021-06-30,칠성시장로23길 56,침산동
대구광역시 북구청 정보통신과,칠성시장로23길 56,,어린이보호,35.88222,128.59817,2021-06-30,칠성시장로23길 56,침산동
대구광역시 북구청 정보통신과,침산남로32길16(1),,어린이보호,35.88655,128.59225,2021-06-30,침산남로32길16(1),침산동
대구광역시 북구청 정보통신과,침산남로32길16(2),,어린이보호,35.88655,128.59225,2021-06-30,침산남로32길16(2),침산동
대구광역시 북구청 정보통신과,성북로25(1),,어린이보호,35.89106,128.5852,2021-06-30,성북로25(1),침산동
대구광역시 북구청 정보통신과,성북로25(2),,어린이보호,35.89106,128.5852,2021-06-30,성북로25(2),침산동
대구광역시 북구청 정보통신과,성북로 25(3),,어린이보호,35.89106,128.5852,2021-06-30,성북로 25(3),침산동
대구광역시 북구청 정보통신과,노원로1길36(1),,어린이보호,35.89327,128.56337,2021-06-30,노원로1길36(1),노원동
대구광역시 북구청 정보통신과,학정동로 42-27,,어린이보호,35.94776,128.56817,2021-06-30,학정동로 42-27,학정동
대구광역시 북구청 정보통신과,3공단로14길 31,,어린이보호,35.89422,128.56326,2021-06-30,3공단로14길 31,노원동
대구광역시 북구청 정보통신과,구암서로50(1),,어린이보호,35.94086,128.56677,2021-06-30,구암서로50(1),구암동
대구광역시 북구청 정보통신과,구암서로50(2),,어린이보호,35.94086,128.56677,2021-06-30,구암서로50(2),구암동
대구광역시 북구청 정보통신과,구암로22길17(1),,어린이보호,35.93056,128.55203,2021-06-30,구암로22길17(1),태전동
대구광역시 북구청 정보통신과,구암로22길17(2),,어린이보호,35.93056,128.55203,2021-06-30,구암로22길17(2),태전동
대구광역시 북구청 정보통신과,대동로1길39(1),,어린이보호,35.89848,128.61142,2021-06-30,대동로1길39(1),산격동
대구광역시 북구청 정보통신과,대동로1길39(2),,어린이보호,35.89848,128.61142,2021-06-30,대동로1길39(2),산격동
대구광역시 북구청 정보통신과,칠곡중앙대로110길6,,어린이보호,35.94418,128.55152,2021-06-30,칠곡중앙대로110길6,읍내동
대구광역시 북구청 정보통신과,연암로25길11(1),,어린이보호,35.89572,128.5935,2021-06-30,연암로25길11(1),산격동
대구광역시 북구청 정보통신과,연암로25길24(1),,어린이보호,35.89669,128.59454,2021-06-30,연암로25길24(1),산격동
대구광역시 북구청 정보통신과,구암로32길 22,,어린이보호,35.93002,128.55743,2021-06-30,구암로32길 22,구암동
대구광역시 북구청 정보통신과,학정로245,,어린이보호,35.92814,128.55775,2021-06-30,학정로245,구암동
대구광역시 북구청 정보통신과,동천로81(1),,어린이보호,35.93894,128.55984,2021-06-30,동천로81(1),동천동
대구광역시 북구청 정보통신과,동천로81(2),,어린이보호,35.93894,128.55984,2021-06-30,동천로81(2),동천동
대구광역시 북구청 정보통신과,매천로187(1),,어린이보호,35.91363,128.54225,2021-06-30,매천로187(1),매천동
대구광역시 북구청 정보통신과,매천로187(2),,어린이보호,35.91363,128.54225,2021-06-30,매천로187(2),매천동
대구광역시 북구청 정보통신과,동천동 880번지(2),,어린이보호,35.93348,128.55944,2021-06-30,동천동 880번지(2),동천동
대구광역시 북구청 정보통신과,칠곡중앙대로52길65(1),,어린이보호,35.92435,128.54983,2021-06-30,칠곡중앙대로52길65(1),태전동
대구광역시 북구청 정보통신과,칠곡중앙대로52길65(2),,어린이보호,35.92435,128.54983,2021-06-30,칠곡중앙대로52길65(2),태전동
대구광역시 북구청 정보통신과,칠곡중앙대로75길16,,어린이보호,35.93024,128.54602,2021-06-30,칠곡중앙대로75길16,태전동
대구광역시 북구청 정보통신과,칠곡중앙대로75길16,,어린이보호,35.93024,128.54602,2021-06-30,칠곡중앙대로75길16,태전동
대구광역시 북구청 정보통신과,태전로19길1,,어린이보호,35.92776,128.54163,2021-06-30,태전로19길1,태전동
대구광역시 북구청 정보통신과,태전로19길9(2),,어린이보호,35.9274,128.54102,2021-06-30,태전로19길9(2),태전동
대구광역시 북구청 정보통신과,태전로19길9(1),,어린이보호,35.9274,128.54102,2021-06-30,태전로19길9(1),태전동
대구광역시 북구청 정보통신과,매천로2길19-4(1),,어린이보호,35.89749,128.5445,2021-06-30,매천로2길19-4(1),팔달동
대구광역시 북구청 정보통신과,매천로2길19-4(2),,어린이보호,35.89749,128.5445,2021-06-30,매천로2길19-4(2),팔달동
대구광역시 북구청 정보통신과,대현로15길 22-1,,어린이보호,35.8849,128.60886,2021-06-30,대현로15길 22-1,대현동
대구광역시 북구청 정보통신과,학정로42길 27,,어린이보호,35.92632,128.55785,2021-06-30,학정로42길 27,구암동
대구광역시 북구청 정보통신과,복현로20길 73-1,,어린이보호,35.90599,128.62123,2021-06-30,복현로20길 73-1,복현동
대구광역시 북구청 정보통신과,칠곡중앙대로126길 3,,어린이보호,35.95111,128.55394,2021-06-30,칠곡중앙대로126길 3,읍내동
대구광역시 북구청 정보통신과,산격로서9길 6-2,,어린이보호,35.89522,128.60209,2021-06-30,산격로서9길 6-2,산격동
대구광역시 북구청 정보통신과,대학로23길 6,,어린이보호,35.89492,128.61134,2021-06-30,대학로23길 6,산격동
대구광역시 북구청 정보통신과,고성북로 27-18,,어린이보호,35.88267,128.58201,2021-06-30,고성북로 27-18,고성동
대구광역시 북구청 정보통신과,노원로10길 121,,어린이보호,35.89101,128.5741,2021-06-30,노원로10길 121,노원동
대구광역시 북구청 정보통신과,동북로199-15,,어린이보호,35.89924,128.61469,2021-06-30,동북로199-15,산격동
대구광역시 북구청 정보통신과,동북로53길 14,,어린이보호,35.89445,128.62038,2021-06-30,동북로53길 14,복현동
대구광역시 북구청 정보통신과,침산남로9길 82,,어린이보호,35.89419,128.58332,2021-06-30,침산남로9길 82,침산동
대구광역시 북구청 정보통신과,복현로20길 40,,어린이보호,35.90323,128.62202,2021-06-30,복현로20길 40,복현동
대구광역시 북구청 정보통신과,연암공원로11길 15-7,,어린이보호,35.89714,128.59889,2021-06-30,연암공원로11길 15-7,산격동
대구광역시 북구청 정보통신과,침산남로 165-4,,어린이보호,35.88823,128.59408,2021-06-30,침산남로 165-4,침산동
대구광역시 북구청 정보통신과,침산남로37길 23-2,,어린이보호,35.88865,128.59467,2021-06-30,침산남로37길 23-2,침산동
대구광역시 북구청 정보통신과,매천동 649-1,,어린이보호,35.91402,128.53967,2021-06-30,매천동 649-1,매천동
대구광역시 북구청 정보통신과,매천로37길 36,,어린이보호,35.91442,128.53923,2021-06-30,매천로37길 36,매천동
대구광역시 북구청 정보통신과,학정로106길 9,,어린이보호,35.95205,128.56657,2021-06-30,학정로106길 9,학정동
대구광역시 북구청 정보통신과,학남로1길 28,,어린이보호,35.95119,128.56651,2021-06-30,학남로1길 28,학정동
대구광역시 북구청 정보통신과,칠성로 105-15,,어린이보호,35.87909,128.60086,2021-06-30,칠성로 105-15,칠성동
대구광역시 북구청 정보통신과,칠성로 101,,어린이보호,35.87872,128.60033,2021-06-30,칠성로 101,칠성동
대구광역시 북구청 정보통신과,대천로148(1),,어린이보호,35.93569,128.56562,2021-06-30,대천로148(1),구암동
대구광역시 북구청 정보통신과,대천로148(2),,어린이보호,35.93569,128.56562,2021-06-30,대천로148(2),구암동
대구광역시 북구청 정보통신과,대천로18길22-1(1),,어린이보호,35.93507,128.55728,2021-06-30,대천로18길22-1(1),동천동
대구광역시 북구청 정보통신과,대천로18길22-1(2),,어린이보호,35.93507,128.55728,2021-06-30,대천로18길22-1(2),동천동
대구광역시 북구청 정보통신과,동천로35,,어린이보호,35.93512,128.55852,2021-06-30,동천로35,동천동
대구광역시 북구청 정보통신과,경진로 55,,어린이보호,35.89277,128.61782,2021-06-30,경진로 55,복현동
대구광역시 북구청 정보통신과,경진로54(2),,어린이보호,35.89259,128.61764,2021-06-30,경진로54(2),복현동
대구광역시 북구청 정보통신과,경진로12길6,,어린이보호,35.89257,128.61727,2021-06-30,경진로12길6,복현동
대구광역시 북구청 정보통신과,복현로36길2(1),,어린이보호,35.90489,128.61929,2021-06-30,복현로36길2(1),복현동
대구광역시 북구청 정보통신과,복현로36길2(2),,어린이보호,35.90489,128.61929,2021-06-30,복현로36길2(2),복현동
대구광역시 북구청 정보통신과,공항로58(1),,어린이보호,35.8976,128.62153,2021-06-30,공항로58(1),복현동
대구광역시 북구청 정보통신과,공항로58(2),,어린이보호,35.8976,128.62153,2021-06-30,공항로58(2),복현동
대구광역시 북구청 정보통신과,공항로58(3),,어린이보호,35.8976,128.62153,2021-06-30,공항로58(3),복현동
대구광역시 북구청 정보통신과,경대로21(1),,어린이보호,35.88376,128.61162,2021-06-30,경대로21(1),대현동
대구광역시 북구청 정보통신과,경대로21(2),,어린이보호,35.88376,128.61162,2021-06-30,경대로21(2),대현동
대구광역시 북구청 정보통신과,대현로117-31,,어린이보호,35.88276,128.61178,2021-06-30,대현로117-31,대현동
대구광역시 북구청 정보통신과,동북로71길9-45,,어린이보호,35.89408,128.63028,2021-06-30,동북로71길9-45,복현동
대구광역시 북구청 정보통신과,산격로10길17-2(1),,어린이보호,35.89505,128.60718,2021-06-30,산격로10길17-2(1),산격동
대구광역시 북구청 정보통신과,산격로10길17-2(2),,어린이보호,35.89505,128.60718,2021-06-30,산격로10길17-2(2),산격동
대구광역시 북구청 정보통신과,동북로37길64,,어린이보호,35.90254,128.61023,2021-06-30,동북로37길64,산격동
대구광역시 북구청 정보통신과,동북로37길58,,어린이보호,35.90228,128.61063,2021-06-30,동북로37길58,산격동
대구광역시 북구청 정보통신과,중앙대로105길23(1),,어린이보호,35.88054,128.59324,2021-06-30,중앙대로105길23(1),칠성동
대구광역시 북구청 정보통신과,중앙대로105길23(2),,어린이보호,35.88054,128.59324,2021-06-30,중앙대로105길23(2),칠성동
대구광역시 북구청 정보통신과,칠성로25-22,,어린이보호,35.88053,128.5926,2021-06-30,칠성로25-22,칠성동
대구광역시 북구청 정보통신과,호암로40(1),,어린이보호,35.8819,128.59378,2021-06-30,호암로40(1),칠성동
대구광역시 북구청 정보통신과,호암로40(2),,어린이보호,35.8819,128.59378,2021-06-30,호암로40(2),칠성동
대구광역시 북구청 정보통신과,대구광역시 북구 중앙대로114길7-22,,어린이보호,35.8824457,128.5980222,2021-06-30,대구광역시 북구 중앙대로114길7-22,침산동
대구광역시 북구청 정보통신과,복현로70-9(1),,어린이보호,35.89832,128.62421,2021-06-30,복현로70-9(1),복현동
대구광역시 북구청 정보통신과,복현로70-9(2),,어린이보호,35.89832,128.62421,2021-06-30,복현로70-9(2),복현동
대구광역시 북구청 정보통신과,복현로70-1,,어린이보호,35.89832,128.62385,2021-06-30,복현로70-1,복현동
대구광역시 북구청 정보통신과,관음중앙로34(1),,어린이보호,35.93683,128.54453,2021-06-30,관음중앙로34(1),관음동
대구광역시 북구청 정보통신과,관음중앙로34(2),,어린이보호,35.93683,128.54453,2021-06-30,관음중앙로34(2),관음동
대구광역시 북구청 정보통신과,학정로42길46,,어린이보호,35.92703,128.5595,2021-06-30,학정로42길46,구암동
대구광역시 북구청 정보통신과,학정로48길34(1),,어린이보호,35.92678,128.55972,2021-06-30,학정로48길34(1),구암동
대구광역시 북구청 정보통신과,학정로48길34(2),,어린이보호,35.92678,128.55972,2021-06-30,학정로48길34(2),구암동
대구광역시 북구청 정보통신과,학정로42길36,,어린이보호,35.92658,128.55854,2021-06-30,학정로42길36,구암동
대구광역시 북구청 정보통신과,학정로48길7-5,,어린이보호,35.92631,128.55845,2021-06-30,학정로48길7-5,구암동
대구광역시 북구청 정보통신과,칠곡중앙대로116길10-2,,어린이보호,35.94626,128.55196,2021-06-30,칠곡중앙대로116길10-2,읍내동
대구광역시 북구청 정보통신과,사수동 814,,어린이보호,35.90015,128.51524,2021-06-30,사수동 814,사수동
대구광역시 북구청 정보통신과,내곡로 123,,어린이보호,35.90098,128.51677,2021-06-30,내곡로 123,사수동
대구광역시 북구청 정보통신과,사수동 792,,어린이보호,35.9016,128.51554,2021-06-30,사수동 792,사수동
대구광역시 북구청 정보통신과,사수동 792,,어린이보호,35.9016,128.51554,2021-06-30,사수동 792,사수동
대구광역시 북구청 정보통신과,칠성동2가 382-5,,어린이보호,35.88111,128.59752,2021-06-30,칠성동2가 382-5,칠성동
대구광역시 북구청 정보통신과,경진로 70,,어린이보호,35.89162,128.61891,2021-06-30,경진로 70,복현동
대구광역시 북구청 정보통신과,호국로51길 43,,어린이보호,35.92472,128.5943,2021-06-30,호국로51길 43,서변동
대구광역시 북구청 정보통신과,동북로 345,,어린이보호,35.89258,128.62735,2021-06-30,동북로 345,복현동
대구광역시 북구청 정보통신과,산격2동 437,,어린이보호,35.90375,128.61032,2021-06-30,산격2동 437,산격동
대구광역시 북구청 정보통신과,구암동 772-3,,어린이보호,35.94124,128.56727,2021-06-30,구암동 772-3,구암동
대구광역시 북구청 정보통신과,읍내동 852,,어린이보호,35.94543,128.55198,2021-06-30,읍내동 852,읍내동
대구광역시 북구청 정보통신과,관음동 1340-11,,어린이보호,35.93955,128.54707,2021-06-30,관음동 1340-11,관음동
대구광역시 북구청 정보통신과,칠곡중앙대로114길(1),,어린이보호,35.94598,128.55154,2021-06-30,칠곡중앙대로114길(1),읍내동
대구광역시 북구청 정보통신과,대구광역시 북구 칠곡중앙대로114길(2),,어린이보호,35.9462216,128.5517709,2021-06-30,대구광역시 북구 칠곡중앙대로114길(2),읍내동
대구광역시 북구청 정보통신과,대천로7길53(1),,어린이보호,35.94207,128.55474,2021-06-30,대천로7길53(1),읍내동
대구광역시 북구청 정보통신과,대천로7길53(2),,어린이보호,35.94207,128.55474,2021-06-30,대천로7길53(2),읍내동
대구광역시 북구청 정보통신과,대천로7길55(1),,어린이보호,35.94243,128.55472,2021-06-30,대천로7길55(1),읍내동
대구광역시 북구청 정보통신과,대천로7길55(2),,어린이보호,35.94243,128.55472,2021-06-30,대천로7길55(2),읍내동
대구광역시 북구청 정보통신과,대천로18길1(1),,어린이보호,35.93675,128.55851,2021-06-30,대천로18길1(1),동천동
대구광역시 북구청 정보통신과,대천로18길1(2),,어린이보호,35.93675,128.55851,2021-06-30,대천로18길1(2),동천동
대구광역시 북구청 정보통신과,연암로25길11(2),,어린이보호,35.89572,128.5935,2021-06-30,연암로25길11(2),산격동
대구광역시 북구청 정보통신과,성북로 25(4),,어린이보호,35.89106,128.5852,2021-06-30,성북로 25(4),침산동
대구광역시 북구청 정보통신과,복현로36길2,,어린이보호,35.90489,128.61929,2021-06-30,복현로36길2,복현동
대구광역시 북구청 정보통신과,칠곡중앙대로75길22-3,,어린이보호,35.92962,128.5453,2021-06-30,칠곡중앙대로75길22-3,태전동
대구광역시 북구청 정보통신과,동암로37길18(1),,어린이보호,35.94478,128.57149,2021-06-30,동암로37길18(1),국우동
대구광역시 북구청 정보통신과,동암로37길 16,,어린이보호,35.94455,128.57147,2021-06-30,동암로37길 16,국우동
대구광역시 북구청 정보통신과,동암로21-19(1),,어린이보호,35.94748,128.55359,2021-06-30,동암로21-19(1),읍내동
대구광역시 북구청 교통과,,대구광역시 북구 서변동 1771(호국로43길 일원),교통단속,35.921106,128.596832,2021-06-30,대구광역시 북구 서변동 1771(호국로43길 일원),서변동
대구광역시 북구청 교통과,,대구광역시 북구 칠성동2가 378-20(호암로 일원),교통단속,35.882772,128.593333,2021-06-30,대구광역시 북구 칠성동2가 378-20(호암로 일원),칠성동
대구광역시 북구청 교통과,,대구광역시 북구 칠성동2가 344-2(칠성로 일원),교통단속,35.879342,128.596153,2021-06-30,대구광역시 북구 칠성동2가 344-2(칠성로 일원),칠성동
대구광역시 북구청 교통과,,대구광역시 북구 동변동 677(동변로13길 일원),교통단속,35.91951,128.602228,2021-06-30,대구광역시 북구 동변동 677(동변로13길 일원),동변동
대구광역시 북구청 교통과,,대구광역시 북구 구암동 713(구암로32길 일원),교통단속,35.929624,128.557312,2021-06-30,대구광역시 북구 구암동 713(구암로32길 일원),구암동
대구광역시 북구청 교통과,,대구광역시 북구 대현동 532(대현남로5길 일원),교통단속,35.882471,128.605287,2021-06-30,대구광역시 북구 대현동 532(대현남로5길 일원),대현동
대구광역시 북구청 교통과,,대구광역시 북구 북구 침산동 449-19(옥산로 일원),교통단속,35.884071,128.586711,2021-06-30,대구광역시 북구 북구 침산동 449-19(옥산로 일원),침산동
대구광역시 북구청 교통과,,대구광역시 북구 사수동 1009(내곡로 일원),교통단속,35.901517,128.513246,2021-06-30,대구광역시 북구 사수동 1009(내곡로 일원),사수동
대구광역시 북구청 교통과,,대구광역시 북구 칠성동1가 73-5(칠성시장로1길 일원),교통단속,35.874366,128.6034788,2021-06-30,대구광역시 북구 칠성동1가 73-5(칠성시장로1길 일원),칠성동
대구광역시 북구청 교통과,,대구광역시 북구 침산동 317-7(침산로32길 일원),교통단속,35.890269,128.592095,2021-06-30,대구광역시 북구 침산동 317-7(침산로32길 일원),침산동
대구광역시 북구청 교통과,,대구광역시 북구 태전동 327-2(태전로 일원),교통단속,35.925507,128.543349,2021-06-30,대구광역시 북구 태전동 327-2(태전로 일원),태전동
대구광역시 북구청 교통과,,대구광역시 북구 대현동 536(회전교차로),교통단속,35.881458,128.607292,2021-06-30,대구광역시 북구 대현동 536(회전교차로),대현동
대구광역시 북구청 교통과,"대구광역시 북구 칠곡중앙대로 416, 동아아울렛",,교통단속,35.933033,128.549017,2021-06-30,"대구광역시 북구 칠곡중앙대로 416, 동아아울렛",읍내동
대구광역시 북구청 교통과,"대구광역시 북구 칠곡중앙대로 416, 동아아울렛",,교통단속,35.933033,128.549017,2021-06-30,"대구광역시 북구 칠곡중앙대로 416, 동아아울렛",읍내동
대구광역시 북구청 교통과,"대구광역시 북구 칠곡중앙대로 412, 네오시티플라자",,교통단속,35.932303,128.548886,2021-06-30,"대구광역시 북구 칠곡중앙대로 412, 네오시티플라자",태전동
대구광역시 북구청 교통과,"대구광역시 북구 칠곡중앙대로 412, 네오시티플라자",,교통단속,35.932303,128.548886,2021-06-30,"대구광역시 북구 칠곡중앙대로 412, 네오시티플라자",태전동
대구광역시 북구청 교통과,"대구광역시 북구 칠곡중앙대로 416, 동아아울렛",,교통단속,35.933033,128.549017,2021-06-30,"대구광역시 북구 칠곡중앙대로 416, 동아아울렛",읍내동
대구광역시 북구청 교통과,"대구광역시 북구 칠곡중앙대로 412, 네오시티플라자",,교통단속,35.932303,128.548886,2021-06-30,"대구광역시 북구 칠곡중앙대로 412, 네오시티플라자",태전동
대구광역시 북구청 교통과,,대구광역시 북구 관음동 1366(칠곡중앙대로91길 일원),교통단속,35.93671,128.545137,2021-06-30,대구광역시 북구 관음동 1366(칠곡중앙대로91길 일원),관음동
대구광역시 북구청 교통과,,대구광역시 북구 관음동 1379(칠곡중앙대로 일원),교통단속,35.929207,128.547845,2021-06-30,대구광역시 북구 관음동 1379(칠곡중앙대로 일원),관음동
대구광역시 북구청 교통과,,대구광역시 북구 노원동3가 252-3(팔달로35길 일원),교통단속,35.88983657,128.5612292,2021-06-30,대구광역시 북구 노원동3가 252-3(팔달로35길 일원),노원동
대구광역시 북구청 교통과,"대구광역시 북구 칠성시장로 28, 칠성시장",,교통단속,35.876822,128.604469,2021-06-30,"대구광역시 북구 칠성시장로 28, 칠성시장",칠성동
대구광역시 북구청 교통과,"대구광역시 북구 칠성시장로 28, 칠성시장",,교통단속,35.876822,128.604469,2021-06-30,"대구광역시 북구 칠성시장로 28, 칠성시장",칠성동
대구광역시 북구청 교통과,"대구광역시 북구 동북로 160, 산격시장 농협",,교통단속,35.899327,128.610101,2021-06-30,"대구광역시 북구 동북로 160, 산격시장 농협",산격동
대구광역시 북구청 교통과,"대구광역시 북구 동북로 160, 산격시장 농협",,교통단속,35.899327,128.610101,2021-06-30,"대구광역시 북구 동북로 160, 산격시장 농협",산격동
대구광역시 북구청 교통과,"대구광역시 북구 동북로 174, 산격시장 대구은행",,교통단속,35.898724,128.611619,2021-06-30,"대구광역시 북구 동북로 174, 산격시장 대구은행",산격동
대구광역시 북구청 교통과,"대구광역시 북구 동북로 174, 산격시장 대구은행",,교통단속,35.898724,128.611619,2021-06-30,"대구광역시 북구 동북로 174, 산격시장 대구은행",산격동
대구광역시 북구청 교통과,,"대구광역시 북구 대현동 274-17, 강남약국",교통단속,35.880786,128.611979,2021-06-30,"대구광역시 북구 대현동 274-17, 강남약국",대현동
대구광역시 북구청 교통과,,"대구광역시 북구 대현동 274-17, 강남약국",교통단속,35.880786,128.611979,2021-06-30,"대구광역시 북구 대현동 274-17, 강남약국",대현동
대구광역시 북구청 교통과,,"대구광역시 북구 대현동 274-17, 강남약국",교통단속,35.880786,128.611979,2021-06-30,"대구광역시 북구 대현동 274-17, 강남약국",대현동
대구광역시 북구청 교통과,"대구광역시 북구 칠성시장로 28, 칠성시장",,교통단속,35.876822,128.604469,2021-06-30,"대구광역시 북구 칠성시장로 28, 칠성시장",칠성동
대구광역시 북구청 교통과,,"대구광역시 북구 태전동 1067-3, 태전동 시외버스하차장",교통단속,35.932957,128.539958,2021-06-30,"대구광역시 북구 태전동 1067-3, 태전동 시외버스하차장",태전동
대구광역시 북구청 교통과,,"대구광역시 북구 태전동 1067-3, 태전동 시외버스하차장",교통단속,35.932957,128.539958,2021-06-30,"대구광역시 북구 태전동 1067-3, 태전동 시외버스하차장",태전동
대구광역시 북구청 교통과,,"대구광역시 북구 태전동 1067-3, 태전동 시외버스하차장",교통단속,35.932957,128.539958,2021-06-30,"대구광역시 북구 태전동 1067-3, 태전동 시외버스하차장",태전동
대구광역시 북구청 교통과,"대구광역시 북구 칠곡중앙대로 59, 웨딩아일랜드",,교통단속,35.901386,128.546545,2021-06-30,"대구광역시 북구 칠곡중앙대로 59, 웨딩아일랜드",매천동
대구광역시 북구청 교통과,"대구광역시 북구 동북로 234, KB은행",,교통단속,35.895785,128.6168232,2021-06-30,"대구광역시 북구 동북로 234, KB은행",복현동
대구광역시 북구청 교통과,"대구광역시 북구 동북로 234, KB은행",,교통단속,35.895785,128.6168232,2021-06-30,"대구광역시 북구 동북로 234, KB은행",복현동
대구광역시 북구청 교통과,"대구광역시 북구 동북로 234, KB은행",,교통단속,35.895785,128.6168232,2021-06-30,"대구광역시 북구 동북로 234, KB은행",복현동
대구광역시 북구청 교통과,"대구광역시 북구 동북로 270, 시티병원",,교통단속,35.893505,128.619576,2021-06-30,"대구광역시 북구 동북로 270, 시티병원",복현동
대구광역시 북구청 교통과,"대구광역시 북구 동북로 270, 시티병원",,교통단속,35.893505,128.619576,2021-06-30,"대구광역시 북구 동북로 270, 시티병원",복현동
대구광역시 북구청 교통과,"대구광역시 북구 동북로 270, 시티병원",,교통단속,35.893505,128.619576,2021-06-30,"대구광역시 북구 동북로 270, 시티병원",복현동
대구광역시 북구청 교통과,"대구광역시 북구 대현로20길 30, 대현동 동대구시장",,교통단속,35.881144,128.608914,2021-06-30,"대구광역시 북구 대현로20길 30, 대현동 동대구시장",대현동
대구광역시 북구청 교통과,"대구광역시 북구 칠성시장로 133-3, 매일천막",,교통단속,35.885445,128.600299,2021-06-30,"대구광역시 북구 칠성시장로 133-3, 매일천막",침산동
대구광역시 북구청 교통과,"대구광역시 북구 칠성시장로 133-3, 매일천막",,교통단속,35.885445,128.600299,2021-06-30,"대구광역시 북구 칠성시장로 133-3, 매일천막",침산동
대구광역시 북구청 교통과,"대구광역시 북구 칠성시장로 133-3, 매일천막",,교통단속,35.885445,128.600299,2021-06-30,"대구광역시 북구 칠성시장로 133-3, 매일천막",침산동
대구광역시 북구청 교통과,"대구광역시 북구 팔달로 165, 독일약국",,교통단속,35.889014,128.568083,2021-06-30,"대구광역시 북구 팔달로 165, 독일약국",노원동
대구광역시 북구청 교통과,"대구광역시 북구 팔달로 165, 독일약국",,교통단속,35.889014,128.568083,2021-06-30,"대구광역시 북구 팔달로 165, 독일약국",노원동
대구광역시 북구청 교통과,"대구광역시 북구 팔달로 165, 독일약국",,교통단속,35.889014,128.568083,2021-06-30,"대구광역시 북구 팔달로 165, 독일약국",노원동
대구광역시 북구청 교통과,"대구광역시 북구 노원로 20, 오내과",,교통단속,35.890988,128.5652224,2021-06-30,"대구광역시 북구 노원로 20, 오내과",노원동
대구광역시 북구청 교통과,"대구광역시 북구 노원로 20, 오내과",,교통단속,35.890988,128.5652224,2021-06-30,"대구광역시 북구 노원로 20, 오내과",노원동
대구광역시 북구청 교통과,"대구광역시 북구 노원로 20, 오내과",,교통단속,35.890988,128.5652224,2021-06-30,"대구광역시 북구 노원로 20, 오내과",노원동
대구광역시 북구청 교통과,"대구광역시 북구 관음중앙로 46, 관음상가 타운",대구광역시 북구 관음동 474-4,교통단속,35.937835,128.544613,2021-06-30,대구광역시 북구 관음동 474-4,관음동
대구광역시 북구청 교통과,"대구광역시 북구 관음중앙로 46, 관음상가 타운",대구광역시 북구 관음동 474-4,교통단속,35.937835,128.544613,2021-06-30,대구광역시 북구 관음동 474-4,관음동
대구광역시 북구청 교통과,"대구광역시 북구 관음중앙로 46, 관음상가 타운",대구광역시 북구 관음동 474-4,교통단속,35.937835,128.544613,2021-06-30,대구광역시 북구 관음동 474-4,관음동
대구광역시 북구청 교통과,"대구광역시 북구 침산로 154, 본죽",,교통단속,35.889958,128.591009,2021-06-30,"대구광역시 북구 침산로 154, 본죽",침산동
대구광역시 북구청 교통과,"대구광역시 북구 침산로 154, 본죽",,교통단속,35.889958,128.591009,2021-06-30,"대구광역시 북구 침산로 154, 본죽",침산동
대구광역시 북구청 교통과,"대구광역시 북구 침산로 154, 본죽",,교통단속,35.889958,128.591009,2021-06-30,"대구광역시 북구 침산로 154, 본죽",침산동
대구광역시 북구청 교통과,대구광역시 북구 매전로 17(매천동 화성파크드림아파트 삼거리),,교통단속,35.909615,128.543405,2021-06-30,대구광역시 북구 매전로 17(매천동 화성파크드림아파트 삼거리),매천동
대구광역시 북구청 교통과,대구광역시 북구 매전로 17(매천동 화성파크드림아파트 삼거리),,교통단속,35.909615,128.543405,2021-06-30,대구광역시 북구 매전로 17(매천동 화성파크드림아파트 삼거리),매천동
대구광역시 북구청 교통과,대구광역시 북구 매전로 17(매천동 화성파크드림아파트 삼거리),,교통단속,35.909615,128.543405,2021-06-30,대구광역시 북구 매전로 17(매천동 화성파크드림아파트 삼거리),매천동
대구광역시 북구청 교통과,대구광역시 북구 구암로 146(구암동 농협중앙회),,교통단속,35.931547,128.556428,2021-06-30,대구광역시 북구 구암로 146(구암동 농협중앙회),구암동
대구광역시 북구청 교통과,대구광역시 북구 매전로 17(매천동 화성파크드림아파트 삼거리),,교통단속,35.909615,128.543405,2021-06-30,대구광역시 북구 매전로 17(매천동 화성파크드림아파트 삼거리),매천동
대구광역시 북구청 교통과,,대구광역시 북구 동천동 962-2(동천회전교차로),교통단속,35.943116,128.558883,2021-06-30,대구광역시 북구 동천동 962-2(동천회전교차로),동천동
대구광역시 북구청 교통과,,대구광역시 북구 동천동 962-2(동천회전교차로),교통단속,35.943116,128.558883,2021-06-30,대구광역시 북구 동천동 962-2(동천회전교차로),동천동
대구광역시 북구청 교통과,,대구광역시 북구 동천동 962-2(동천회전교차로),교통단속,35.943116,128.558883,2021-06-30,대구광역시 북구 동천동 962-2(동천회전교차로),동천동
대구광역시 북구청 교통과,,대구광역시 북구 동천동 962-2(동천회전교차로),교통단속,35.943116,128.558883,2021-06-30,대구광역시 북구 동천동 962-2(동천회전교차로),동천동
대구광역시 북구청 교통과,대구광역시 북구 대학로 83(경북대북문),대구광역시 북구 산격동 1341-2(경북대북문),교통단속,35.892796,128.6092252,2021-06-30,대구광역시 북구 산격동 1341-2(경북대북문),산격동
대구광역시 북구청 교통과,대구광역시 북구 대학로 83(경북대북문),대구광역시 북구 산격동 1341-2(경북대북문),교통단속,35.892796,128.6092252,2021-06-30,대구광역시 북구 산격동 1341-2(경북대북문),산격동
대구광역시 북구청 교통과,,대구광역시 북구 동천동 962-2(동천회전교차로),교통단속,35.944617,128.554336,2021-06-30,대구광역시 북구 동천동 962-2(동천회전교차로),동천동
대구광역시 북구청 교통과,대구광역시 북구 대학로 83(경북대북문),대구광역시 북구 산격동 1341-2(경북대북문),교통단속,35.892796,128.6092252,2021-06-30,대구광역시 북구 산격동 1341-2(경북대북문),산격동
대구광역시 북구청 교통과,,대구광역시 북구 대현동 산12-1(경북대정문),교통단속,35.885347,128.615448,2021-06-30,대구광역시 북구 대현동 산12-1(경북대정문),대현동
대구광역시 북구청 교통과,,대구광역시 북구 대현동 산13(경북대정문),교통단속,35.885347,128.615448,2021-06-30,대구광역시 북구 대현동 산13(경북대정문),대현동
대구광역시 북구청 교통과,,대구광역시 북구 대현동 산14-1(경북대정문),교통단속,35.885347,128.615448,2021-06-30,대구광역시 북구 대현동 산14-1(경북대정문),대현동
대구광역시 북구청 교통과,대구광역시 북구 칠성남로226-1(해오름식육식당),대구광역시 북구 칠성동1가 157-4(해오름식육식당),교통단속,35.875955,128.604821,2021-06-30,대구광역시 북구 칠성동1가 157-4(해오름식육식당),칠성동
대구광역시 북구청 교통과,대구광역시 북구 칠성남로226-1(해오름식육식당),대구광역시 북구 칠성동1가 157-4(해오름식육식당),교통단속,35.875936,128.604899,2021-06-30,대구광역시 북구 칠성동1가 157-4(해오름식육식당),칠성동
대구광역시 북구청 교통과,대구광역시 북구 칠성남로226-1(해오름식육식당),대구광역시 북구 칠성동1가 157-4(해오름식육식당),교통단속,35.8759336,128.6048461,2021-06-30,대구광역시 북구 칠성동1가 157-4(해오름식육식당),칠성동
대구광역시 북구청 교통과,대구광역시 북구 칠성시장로 18-1(오륙민물수산),대구광역시 북구 칠성동1가 158-1(오륙민물수산),교통단속,35.875857,128.6047182,2021-06-30,대구광역시 북구 칠성동1가 158-1(오륙민물수산),칠성동
대구광역시 북구청 교통과,대구광역시 북구 칠성시장로 18-1(오륙민물수산),대구광역시 북구 칠성동1가 158-1(오륙민물수산),교통단속,35.875868,128.6047182,2021-06-30,대구광역시 북구 칠성동1가 158-1(오륙민물수산),칠성동
대구광역시 북구청 교통과,대구광역시 북구 칠성시장로 18-1(오륙민물수산),대구광역시 북구 칠성동1가 158-1(오륙민물수산),교통단속,35.875831,128.6047182,2021-06-30,대구광역시 북구 칠성동1가 158-1(오륙민물수산),칠성동
대구광역시 북구청 교통과,대구광역시 북구 칠성시장로 37(거창식당),,교통단속,35.8772247,128.6033298,2021-06-30,대구광역시 북구 칠성시장로 37(거창식당),칠성동
대구광역시 북구청 교통과,대구광역시 북구 칠성시장로 39(거창식당),,교통단속,35.8774751,128.6031745,2021-06-30,대구광역시 북구 칠성시장로 39(거창식당),칠성동
대구광역시 북구청 교통과,대구광역시 북구 칠성시장로 39(거창식당),,교통단속,35.877475,128.603127,2021-06-30,대구광역시 북구 칠성시장로 39(거창식당),칠성동
대구광역시 북구청 교통과,대구광역시 북구 칠성시장로 41(거창식당),,교통단속,35.8775615,128.6030367,2021-06-30,대구광역시 북구 칠성시장로 41(거창식당),칠성동
대구광역시 북구청 교통과,,대구광역시 북구 산격동 1499-1(대학로13길 인근),교통단속,35.89476,128.607656,2021-06-30,대구광역시 북구 산격동 1499-1(대학로13길 인근),산격동
대구광역시 북구청 교통과,,대구광역시 북구 산격동 1499-1(대학로15길 인근),교통단속,35.89345,128.6082,2021-06-30,대구광역시 북구 산격동 1499-1(대학로15길 인근),산격동
대구광역시 북구청 교통과,대구광역시 북구 대현로 17,대구광역시 북구 대현동 230-2,교통단속,35.8865041,128.6027113,2021-06-30,대구광역시 북구 대현동 230-2,대현동
대구광역시 북구청 교통과,"대구광역시 북구 대학로17길1, 파리바게트 북문점",,교통단속,35.892472,128.6086593,2021-06-30,"대구광역시 북구 대학로17길1, 파리바게트 북문점",산격동
대구광역시 북구청 교통과,,대구광역시 북구 산격동 1499(대학로23길 인근),교통단속,35.894208,128.609923,2021-06-30,대구광역시 북구 산격동 1499(대학로23길 인근),산격동
대구광역시 북구청 교통과,"대구광역시 북구 침산로 158,침산건영하이츠",,교통단속,35.8904512,128.5912361,2021-06-30,"대구광역시 북구 침산로 158,침산건영하이츠",침산동
대구광역시 북구청 교통과,,대구광역시 북구 복현동 623(경진로 일원),교통단속,35.89326455,128.6170598,2021-06-30,대구광역시 북구 복현동 623(경진로 일원),복현동
대구광역시 북구청 교통과,"대구광역시 북구 칠곡중앙대로 59, 웨딩아일랜드",,교통단속,35.901386,128.546545,2021-06-30,"대구광역시 북구 칠곡중앙대로 59, 웨딩아일랜드",매천동
대구광역시 북구청 교통과,"대구광역시 북구 칠곡중앙대로 59, 웨딩아일랜드",,교통단속,35.901386,128.546545,2021-06-30,"대구광역시 북구 칠곡중앙대로 59, 웨딩아일랜드",매천동
대구광역시 북구청 교통과,대구광역시 북구 호국로 807,,교통단속,35.9561644,128.5631142,2021-06-30,대구광역시 북구 호국로 807,학정동
대구광역시 북구청 교통과,대구광역시 북구 동암로 128,,교통단속,35.9437107,128.5624281,2021-06-30,대구광역시 북구 동암로 128,동천동
대구광역시 북구청 교통과,대구광역시 북구 동암로 90,,교통단속,35.9441065,128.5581569,2021-06-30,대구광역시 북구 동암로 90,동천동
대구광역시 북구청 교통과,대구광역시 북구 매전로4길 9 (매천휴먼시아2단지) 앞 삼거리,,교통단속,35.9073591,128.5427131,2021-06-30,대구광역시 북구 매전로4길 9 (매천휴먼시아2단지) 앞 삼거리,매천동
대구광역시 북구청 교통과,대구광역시 북구 구암로 232,,교통단속,35.9320596,128.5641239,2021-06-30,대구광역시 북구 구암로 232,구암동
대구광역시 북구청 교통과,대구광역시 북구 호국로57길 42,,교통단속,35.9263303,128.5920227,2021-06-30,대구광역시 북구 호국로57길 42,서변동
대구광역시 북구청 교통과,대구광역시 북구 관음로 295,,교통단속,35.9394787,128.5322119,2021-06-30,대구광역시 북구 관음로 295,태전동
대구광역시 북구청 교통과,대구광역시 북구 내곡로 81 (부광빌딩) 건너,,교통단속,35.901546,128.513245,2021-06-30,대구광역시 북구 내곡로 81 (부광빌딩) 건너,사수동
대구광역시 북구청 교통과,대구광역시 북구 호국로43길 35,,교통단속,35.9199066,128.5954431,2021-06-30,대구광역시 북구 호국로43길 35,서변동
대구광역시 북구청 교통과,"대구광역시 북구 영송로 15, 대구보건대학교",,교통단속,35.927681,128.543564,2021-06-30,"대구광역시 북구 영송로 15, 대구보건대학교",태전동
대구광역시 북구청 교통과,"대구광역시 북구 영송로 15, 대구보건대학교",,교통단속,35.927681,128.543564,2021-06-30,"대구광역시 북구 영송로 15, 대구보건대학교",태전동
대구광역시 북구청 교통과,"대구광역시 북구 영송로 15, 대구보건대학교",,교통단속,35.927681,128.543564,2021-06-30,"대구광역시 북구 영송로 15, 대구보건대학교",태전동
대구광역시 북구청 교통과,"대구광역시 북구 팔달로 147, 엠병원",,교통단속,35.889402,128.566226,2021-06-30,"대구광역시 북구 팔달로 147, 엠병원",노원동
대구광역시 북구청 교통과,"대구광역시 북구 팔달로 147, 엠병원",,교통단속,35.889402,128.566226,2021-06-30,"대구광역시 북구 팔달로 147, 엠병원",노원동
대구광역시 북구청 교통과,"대구광역시 북구 팔달로 147, 엠병원",,교통단속,35.889402,128.566226,2021-06-30,"대구광역시 북구 팔달로 147, 엠병원",노원동
대구광역시 북구청 교통과,"대구광역시 북구 동북로 160, 산격시장 농협",,교통단속,35.899327,128.610101,2021-06-30,"대구광역시 북구 동북로 160, 산격시장 농협",산격동
대구광역시 북구청 교통과,"대구광역시 북구 동북로 174, 산격시장 대구은행",,교통단속,35.898724,128.611619,2021-06-30,"대구광역시 북구 동북로 174, 산격시장 대구은행",산격동
대구광역시 북구청 교통과,"대구광역시 북구 검단로 115, 유성아파트",,교통단속,35.907778,128.619917,2021-06-30,"대구광역시 북구 검단로 115, 유성아파트",검단동
대구광역시 북구청 교통과,"대구광역시 북구 검단로 115, 유성아파트",,교통단속,35.907778,128.619917,2021-06-30,"대구광역시 북구 검단로 115, 유성아파트",검단동
대구광역시 북구청 교통과,"대구광역시 북구 검단로 115, 유성아파트",,교통단속,35.907778,128.619917,2021-06-30,"대구광역시 북구 검단로 115, 유성아파트",검단동
대구광역시 북구청 교통과,"대구광역시 북구 대현로20길 30, 대현동 동대구시장",대구광역시 북구 대현동 390,교통단속,35.881144,128.608914,2021-06-30,대구광역시 북구 대현동 390,대현동
대구광역시 북구청 교통과,"대구광역시 북구 대현로20길 30, 대현동 동대구시장",대구광역시 북구 대현동 390,교통단속,35.881144,128.608914,2021-06-30,대구광역시 북구 대현동 390,대현동
대구광역시 북구청 교통과,"대구광역시 북구 학정로 429, 참약국",,교통단속,35.943089,128.563203,2021-06-30,"대구광역시 북구 학정로 429, 참약국",동천동
대구광역시 북구청 교통과,"대구광역시 북구 학정로 429, 참약국",,교통단속,35.943089,128.563203,2021-06-30,"대구광역시 북구 학정로 429, 참약국",동천동
대구광역시 북구청 교통과,"대구광역시 북구 학정로 429, 참약국",,교통단속,35.943089,128.563203,2021-06-30,"대구광역시 북구 학정로 429, 참약국",동천동
대구광역시 북구청 교통과,"대구광역시 북구 구암로32길 6-20(구암동), 대구은행",,교통단속,35.931306,128.555983,2021-06-30,"대구광역시 북구 구암로32길 6-20(구암동), 대구은행",구암동
대구광역시 북구청 교통과,"대구광역시 북구 구암로32길 6-20(구암동), 대구은행",,교통단속,35.931306,128.555983,2021-06-30,"대구광역시 북구 구암로32길 6-20(구암동), 대구은행",구암동
대구광역시 북구청 교통과,"대구광역시 북구 구암로32길 6-20(구암동), 대구은행",,교통단속,35.931306,128.555983,2021-06-30,"대구광역시 북구 구암로32길 6-20(구암동), 대구은행",구암동
대구광역시 북구청 교통과,"대구광역시 북구 동암로 102, 동신빌딩",,교통단속,35.944022,128.562035,2021-06-30,"대구광역시 북구 동암로 102, 동신빌딩",동천동
대구광역시 북구청 교통과,"대구광역시 북구 동암로 102, 동신빌딩",,교통단속,35.944022,128.562035,2021-06-30,"대구광역시 북구 동암로 102, 동신빌딩",동천동
대구광역시 북구청 교통과,"대구광역시 북구 동암로 102, 동신빌딩",,교통단속,35.944022,128.562035,2021-06-30,"대구광역시 북구 동암로 102, 동신빌딩",동천동
대구광역시 북구청 교통과,"대구광역시 북구 학정로 427, 신한은행",,교통단속,35.942755,128.563156,2021-06-30,"대구광역시 북구 학정로 427, 신한은행",동천동
대구광역시 북구청 교통과,"대구광역시 북구 학정로 427, 신한은행",,교통단속,35.942755,128.563156,2021-06-30,"대구광역시 북구 학정로 427, 신한은행",동천동
대구광역시 북구청 교통과,"대구광역시 북구 학정로 427, 신한은행",,교통단속,35.942755,128.563156,2021-06-30,"대구광역시 북구 학정로 427, 신한은행",동천동
대구광역시 북구청 교통과,"대구광역시 북구 칠곡중앙대로 443, 한영빌딩, 한영정형외과",,교통단속,35.935351,128.5485614,2021-06-30,"대구광역시 북구 칠곡중앙대로 443, 한영빌딩, 한영정형외과",관음동
대구광역시 북구청 교통과,"대구광역시 북구 칠곡중앙대로 443, 한영빌딩, 한영정형외과",,교통단속,35.935351,128.5485614,2021-06-30,"대구광역시 북구 칠곡중앙대로 443, 한영빌딩, 한영정형외과",관음동
대구광역시 북구청 교통과,"대구광역시 북구 칠곡중앙대로 443, 한영빌딩, 한영정형외과",,교통단속,35.935351,128.5485614,2021-06-30,"대구광역시 북구 칠곡중앙대로 443, 한영빌딩, 한영정형외과",관음동
대구광역시 북구청 교통과,"대구광역시 북구 호국로 215, 행운보석",,교통단속,35.920852,128.598803,2021-06-30,"대구광역시 북구 호국로 215, 행운보석",서변동
대구광역시 북구청 교통과,"대구광역시 북구 호국로 215, 행운보석",,교통단속,35.920852,128.598803,2021-06-30,"대구광역시 북구 호국로 215, 행운보석",서변동
대구광역시 북구청 교통과,"대구광역시 북구 호국로 215, 행운보석",,교통단속,35.920852,128.598803,2021-06-30,"대구광역시 북구 호국로 215, 행운보석",서변동
대구광역시 북구청 교통과,"대구광역시 북구 대학로 83, 경북대북문",,교통단속,35.892796,128.609225,2021-06-30,"대구광역시 북구 대학로 83, 경북대북문",산격동
대구광역시 북구청 교통과,"대구광역시 북구 대학로 83, 경북대북문",,교통단속,35.892796,128.609225,2021-06-30,"대구광역시 북구 대학로 83, 경북대북문",산격동
대구광역시 북구청 교통과,"대구광역시 북구 대학로 83, 경북대북문",,교통단속,35.892796,128.609225,2021-06-30,"대구광역시 북구 대학로 83, 경북대북문",산격동
대구광역시 북구청 교통과,,"대구광역시 북구 칠성동2가 302-94, 칠성공영주차장(구. 남일상회)",교통단속,35.87671979,128.5946761,2021-06-30,"대구광역시 북구 칠성동2가 302-94, 칠성공영주차장(구. 남일상회)",칠성동
대구광역시 북구청 교통과,,"대구광역시 북구 칠성동2가 302-94, 칠성공영주차장(구. 남일상회)",교통단속,35.87671979,128.5946761,2021-06-30,"대구광역시 북구 칠성동2가 302-94, 칠성공영주차장(구. 남일상회)",칠성동
대구광역시 북구청 교통과,,"대구광역시 북구 칠성동2가 302-94, 칠성공영주차장(구. 남일상회)",교통단속,35.87671979,128.5946761,2021-06-30,"대구광역시 북구 칠성동2가 302-94, 칠성공영주차장(구. 남일상회)",칠성동
대구광역시 북구청 교통과,"대구광역시 북구 팔거천동로 80-1, 세종학원",,교통단속,35.931427,128.555305,2021-06-30,"대구광역시 북구 팔거천동로 80-1, 세종학원",구암동
대구광역시 북구청 교통과,"대구광역시 북구 팔거천동로 80-1, 세종학원",,교통단속,35.931427,128.555305,2021-06-30,"대구광역시 북구 팔거천동로 80-1, 세종학원",구암동
대구광역시 북구청 교통과,"대구광역시 북구 팔거천동로 80-1, 세종학원",,교통단속,35.931427,128.555305,2021-06-30,"대구광역시 북구 팔거천동로 80-1, 세종학원",구암동
대구광역시 북구청 교통과,"대구광역시 북구 태암남로 1, 원대새마을금고",,교통단속,35.925747,128.547622,2021-06-30,"대구광역시 북구 태암남로 1, 원대새마을금고",태전동
대구광역시 북구청 교통과,"대구광역시 북구 태암남로 1, 원대새마을금고",,교통단속,35.925747,128.547622,2021-06-30,"대구광역시 북구 태암남로 1, 원대새마을금고",태전동
대구광역시 북구청 교통과,"대구광역시 북구 태암남로 1, 원대새마을금고",,교통단속,35.925747,128.547622,2021-06-30,"대구광역시 북구 태암남로 1, 원대새마을금고",태전동
대구광역시 북구청 교통과,"대구광역시 북구 매천로 63(팔달동), 수산시장",,교통단속,35.902167,128.5399542,2021-06-30,"대구광역시 북구 매천로 63(팔달동), 수산시장",매천동
대구광역시 북구청 교통과,"대구광역시 북구 매천로 63(팔달동), 수산시장",,교통단속,35.902167,128.5399542,2021-06-30,"대구광역시 북구 매천로 63(팔달동), 수산시장",매천동
대구광역시 북구청 교통과,"대구광역시 북구 매천로 63(팔달동), 수산시장",,교통단속,35.902167,128.5399542,2021-06-30,"대구광역시 북구 매천로 63(팔달동), 수산시장",매천동
대구광역시 북구청 교통과,"대구광역시 북구 매천로18길 34, 농산물도매시장 1문",,교통단속,35.902817,128.543042,2021-06-30,"대구광역시 북구 매천로18길 34, 농산물도매시장 1문",매천동
대구광역시 북구청 교통과,"대구광역시 북구 매천로18길 34, 농산물도매시장 1문",,교통단속,35.902817,128.543042,2021-06-30,"대구광역시 북구 매천로18길 34, 농산물도매시장 1문",매천동
대구광역시 북구청 교통과,"대구광역시 북구 매천로18길 34, 농산물도매시장 1문",,교통단속,35.902817,128.543042,2021-06-30,"대구광역시 북구 매천로18길 34, 농산물도매시장 1문",매천동
대구광역시 북구청 교통과,"대구광역시 북구 매천로18길 34, 농산물도매시장 3문",,교통단속,35.902817,128.543042,2021-06-30,"대구광역시 북구 매천로18길 34, 농산물도매시장 3문",매천동
대구광역시 북구청 교통과,"대구광역시 북구 매천로18길 34, 농산물도매시장 3문",,교통단속,35.902817,128.543042,2021-06-30,"대구광역시 북구 매천로18길 34, 농산물도매시장 3문",매천동
대구광역시 북구청 교통과,"대구광역시 북구 매천로18길 34, 농산물도매시장 3문",,교통단속,35.902817,128.543042,2021-06-30,"대구광역시 북구 매천로18길 34, 농산물도매시장 3문",매천동
대구광역시 북구청 교통과,대구광역시 북구 구암로 146(구암동 농협중앙회),,교통단속,35.931547,128.556428,2021-06-30,대구광역시 북구 구암로 146(구암동 농협중앙회),구암동
대구광역시 북구청 교통과,대구광역시 북구 구암로 146(구암동 농협중앙회),,교통단속,35.931547,128.556428,2021-06-30,대구광역시 북구 구암로 146(구암동 농협중앙회),구암동
