위반장소_정리,0,1,2,3,4,5,6,7,8,9,10,11,12,13,14,15,16,17,18,19,20,21,22,23
동아아울렛 뒤편,0,0,0,0,0,0,0,307,346,774,1649,904,0,0,3575,2739,2551,1375,1564,1405,0,0,0,0
동천동 회전교차로,0,0,0,0,0,0,0,508,109,149,358,318,242,332,1404,1605,1597,584,1012,1976,0,0,0,0
산격3동치안센터,0,0,0,0,0,0,0,0,0,0,2,1119,1071,978,923,856,835,888,1139,1244,19,0,0,0
대학로79 파리바게트 부,0,0,0,0,0,0,0,0,0,0,2,1007,866,877,789,740,695,520,625,804,13,0,0,0
침산 화인탑펠리스,0,0,0,0,0,0,0,468,119,191,792,265,0,0,1717,1207,1084,388,399,22,0,0,0,0
사수동 센스마트,0,0,0,0,0,0,0,568,211,351,709,334,0,0,1163,815,750,379,349,314,0,0,0,0
대구일중학교 정문 앞,0,0,0,0,0,0,0,704,123,265,1056,159,0,0,1143,980,813,176,215,247,0,0,0,0
노원LH아파트 후문,0,0,0,0,0,0,0,314,91,144,543,361,0,0,1117,1097,1088,361,321,336,0,0,0,0
운암지,0,0,0,0,0,0,0,313,105,123,786,156,0,0,1368,920,654,159,180,46,0,0,0,0
동변공원 사거리,0,0,0,0,0,0,0,0,1749,4,1,0,204,115,1001,710,753,12,0,0,0,0,0,0
