관리기관명,소재지도로명주소,소재지지번주소,설치목적구분,위도,경도,데이터기준일자
대구광역시 북구,대구광역시 북구 구암로 93-1,대구광역시 북구 읍내동 1381-22,주정차단속,35.932538000000000,128.551052000000000,2020-10-26
대구광역시 북구,대구광역시 북구 칠곡중앙대로 402,대구광역시 북구 태전동 993-10,주정차단속,35.931522000000000,128.548562000000000,2020-10-26
대구광역시 북구,대구광역시 북구 팔달로 147,대구광역시 북구 노원동3가 762,주정차단속,35.889229000000000,128.565850000000000,2020-10-26
대구광역시 북구,대구광역시 북구 동북로 160,대구광역시 북구 산격동 1260-1,주정차단속,35.899290000000000,128.610098000000000,2020-10-26
대구광역시 북구,대구광역시 북구 동북로 174,대구광역시 북구 산격동 1261-1,주정차단속,35.898769000000000,128.611667000000000,2020-10-26
대구광역시 북구,대구광역시 북구 칠성남로 234,대구광역시 북구 칠성동1가 147-1,주정차단속,35.875699000000000,128.606024000000000,2020-10-26
대구광역시 북구,대구광역시 북구 검단로 112-1,대구광역시 북구 검단동 936-30,주정차단속,35.906675000000000,128.620059000000000,2020-10-26
대구광역시 북구,대구광역시 북구 신암로 101-1,대구광역시 북구 대현동 277-9,주정차단속,35.880027000000000,128.610548000000000,2020-10-26
대구광역시 북구,대구광역시 북구 칠곡중앙대로 385,대구광역시 북구 태전동 961-18,주정차단속,35.930066000000000,128.547688000000000,2020-10-26
대구광역시 북구,대구광역시 북구 영송로 20,대구광역시 북구 태전동 964-10,주정차단속,35.927142000000000,128.544498000000000,2020-10-26
대구광역시 북구,대구광역시 북구 대현로 96,대구광역시 북구 대현동 407-12,주정차단속,35.882321000000000,128.609524000000000,2020-10-26
대구광역시 북구,대구광역시 북구 학정로 429,대구광역시 북구 동천동 896-5,주정차단속,35.943090000000000,128.563207000000000,2020-10-26
대구광역시 북구,대구광역시 북구 동암로 104,대구광역시 북구 동천동 895-4,주정차단속,35.943995000000000,128.562382000000000,2020-10-26
대구광역시 북구,대구광역시 북구 대학로 71 (건너),대구광역시 북구 산격동 1399-11 (건너),주정차단속,35.892084500000000,128.608698600000000,2020-10-26
대구광역시 북구,대구광역시 북구 칠곡중앙대로 59,대구광역시 북구 매천동 618-24,주정차단속,35.901307000000000,128.547404000000000,2020-10-26
대구광역시 북구,대구광역시 북구 동북로 270,대구광역시 북구 복현동 459-7,주정차단속,35.893684000000000,128.619843000000000,2020-10-26
대구광역시 북구,대구광역시 북구 노원로 20,대구광역시 북구 노원동3가 728,주정차단속,35.891074000000000,128.565219000000000,2020-10-26
대구광역시 북구,대구광역시 북구 칠곡중앙대로 299,대구광역시 북구 태전동 414-3,주정차단속,35.922275000000000,128.546515000000000,2020-10-26
대구광역시 북구,대구광역시 북구 칠곡중앙대로 354-1,대구광역시 북구 태전동 1031-11,주정차단속,35.927307000000000,128.547857000000000,2020-10-26
대구광역시 북구,대구광역시 북구 매천로 45,대구광역시 북구 팔달동 4-20,주정차단속,35.900894000000000,128.541742000000000,2020-10-26
대구광역시 북구,대구광역시 북구 팔달로 173-1,대구광역시 북구 노원동3가 781-1,주정차단속,35.888919000000000,128.569191000000000,2020-10-26
대구광역시 북구,대구광역시 북구 학정로 427,대구광역시 북구 동천동 896,주정차단속,35.942765000000000,128.563160000000000,2020-10-26
대구광역시 북구,대구광역시 북구 칠곡중앙대로 443,대구광역시 북구 관음동 1402-4,주정차단속,35.935361000000000,128.548556000000000,2020-10-26
대구광역시 북구,대구광역시 북구 호국로 215,대구광역시 북구 서변동 1787,주정차단속,35.920828000000000,128.599195000000000,2020-10-26
대구광역시 북구,대구광역시 북구 학정로 432,대구광역시 북구 구암동 765-4,주정차단속,35.943239000000000,128.564072000000000,2020-10-26
대구광역시 북구,대구광역시 북구 동북로 234,대구광역시 북구 복현동 426-2,주정차단속,35.895786000000000,128.616828000000000,2020-10-26
대구광역시 북구,대구광역시 북구 영송로 63,대구광역시 북구 태전동 1065-1,주정차단속,35.930785000000000,128.544459000000000,2020-10-26
대구광역시 북구,대구광역시 북구 침산로 154,대구광역시 북구 침산동 293-4,주정차단속,35.889958000000000,128.590997000000000,2020-10-26
대구광역시 북구,대구광역시 북구 매천로18길 34,대구광역시 북구 매천동 527-3,주정차단속,35.903859000000000,128.544679000000000,2020-10-26
대구광역시 북구,대구광역시 북구 매천로18길 34,대구광역시 북구 매천동 527-3,주정차단속,35.904114000000000,128.542650000000000,2020-10-26
대구광역시 북구,대구광역시 북구 공평로 135,대구광역시 북구 칠성동2가 302-95,주정차단속,35.875962000000000,128.601295000000000,2020-10-26
대구광역시 북구,대구광역시 북구 칠성시장로 133-2,대구광역시 북구 침산동 50-3,주정차단속,35.885541000000000,128.600334000000000,2020-10-26
대구광역시 북구,대구광역시 북구 구암로 146,대구광역시 북구 구암동 649-4,주정차단속,35.931539000000000,128.556431000000000,2020-10-26
대구광역시 북구,,대구광역시 북구 매천동 200-1,주정차단속,35.908984000000000,128.542080000000000,2020-10-26
대구광역시 북구,,대구광역시 북구 동천동 962,주정차단속,35.942908000000000,128.560839000000000,2020-10-26
대구광역시 북구,대구광역시 북구 대학로 81,대구광역시 북구 산격동 1338-5,주정차단속,35.892433060000000,128.609130200000000,2020-10-26
대구광역시 북구,대구광역시 북구 대현로19길 86,대구광역시 북구 대현동 24-2,주정차단속,35.884960000000000,128.614164000000000,2020-10-26
대구광역시 북구,대구광역시 북구 칠성남로 226,대구광역시 북구 칠성동1가 157-2,주정차단속,35.875982000000000,128.604802000000000,2020-10-26
대구광역시 북구,대구광역시 북구 칠성시장로 18-1,대구광역시 북구 칠성동1가 158-1,주정차단속,35.875856000000000,128.604690000000000,2020-10-26
대구광역시 북구,대구광역시 북구 칠성시장로 37,대구광역시 북구 칠성동1가 263-1,주정차단속,35.877215000000000,128.603305000000000,2020-10-26
대구광역시 북구,대구광역시 북구 산격로6길 24,대구광역시 북구 산격동 1400-12,주정차단속,35.892452000000000,128.607741000000000,2020-10-26
대구광역시 북구,대구광역시 북구 대학로15길 11-2,대구광역시 북구 산격동 1397-36,주정차단속,35.893135000000000,128.608112000000000,2020-10-26
대구광역시 북구,대구광역시 북구 대학로17길 15,대구광역시 북구 산격동 1314-7,주정차단속,35.893736000000000,128.608748000000000,2020-10-26
대구광역시 북구,대구광역시 북구 대학로 79,대구광역시 북구 산격동 1339,주정차단속,35.892509000000000,128.608949000000000,2020-10-26
대구광역시 북구,대구광역시 북구 대학로23길 24,대구광역시 북구 산격동 1309-43,주정차단속,35.893993000000000,128.609614000000000,2020-10-26
대구광역시 북구,대구광역시 북구 침산로32길 6,대구광역시 북구 침산동 292-2,주정차단속,35.890185130000000,128.591540000000000,2020-10-26
대구광역시 북구,대구광역시 북구 경진로남1길 40,대구광역시 북구 복현동 439-1,주정차단속,35.893631000000000,128.617322000000000,2020-10-26
대구광역시 북구,,대구광역시 북구 서변동 1778,주정차단속,35.921112000000000,128.598411000000000,2020-10-26
대구광역시 북구,대구광역시 북구 호암로 40,대구광역시 북구 칠성동2가 378-4,주정차단속,35.881866000000000,128.593494000000000,2020-10-26
대구광역시 북구,대구광역시 북구 중앙대로 519,대구광역시 북구 칠성동2가 345-13,주정차단속,35.879407000000000,128.595598000000000,2020-10-26
대구광역시 북구,,대구광역시 북구 동변동 678,주정차단속,35.919482000000000,128.603580000000000,2020-10-26
대구광역시 북구,대구광역시 북구 구암로32길 13,대구광역시 북구 구암동 695-9,주정차단속,35.930161000000000,128.558161000000000,2020-10-26
대구광역시 북구,대구광역시 북구 칠곡중앙대로91길 10,대구광역시 북구 관음동 1386-2,주정차단속,35.936206000000000,128.548257000000000,2020-10-26
대구광역시 북구,대구광역시 북구 칠곡중앙대로 407,대구광역시 북구 태전동 940-9,주정차단속,35.932038000000000,128.548056000000000,2020-10-26
대구광역시 북구,대구광역시 북구 노원로10길 40,대구광역시 북구 노원동3가 1227,주정차단속,35.890513000000000,128.570085000000000,2020-10-26
대구광역시 북구,대구광역시 북구 동북로 163,대구광역시 북구 산격동 500-1,주정차단속,35.899507000000000,128.610535000000000,2020-10-26
대구광역시 북구,대구광역시 북구 침산로 153,대구광역시 북구 침산동 269-10,주정차단속,35.888363250000000,128.590691700000000,2020-10-26
대구광역시 북구,대구광역시 북구 사수로 587,대구광역시 북구 팔달동 230-2,주정차단속,35.896289000000000,128.540790000000000,2020-10-26
대구광역시 북구,,대구광역시 북구 복현동 214-1,주정차단속,35.896746000000000,128.619916000000000,2020-10-26
대구광역시 북구,대구광역시 북구 칠곡중앙대로 416,대구광역시 북구 읍내동 1343-6,주정차단속,35.933237000000000,128.549393000000000,2020-10-26
대구광역시 북구,대구광역시 북구 대현남로6길 20,대구광역시 북구 대현동 535,주정차단속,35.880487000000000,128.609374000000000,2020-10-26
대구광역시 북구,대구광역시 북구 옥산로 95,대구광역시 북구 칠성동2가 90,주정차단속,35.884303000000000,128.586040000000000,2020-10-26
대구광역시 북구,대구광역시 북구 내곡로 38-6,대구광역시 북구 사수동 827,주정차단속,35.899099000000000,128.510822000000000,2020-10-26
대구광역시 북구,,대구광역시 북구 칠성동1가 48-13,주정차단속,35.874258000000000,128.603560000000000,2020-10-26
대구광역시 북구,,대구광역시 북구 침산동 325-27 (건너),주정차단속,35.891383020000000,128.591869200000000,2020-10-26
대구광역시 북구,대구광역시 북구 태전로 29,대구광역시 북구 태전동 155-35,주정차단속,35.922996000000000,128.544525000000000,2020-10-26
대구광역시 북구,대구광역시 북구 대현남로6길 1,대구광역시 북구 대현동 390-9,주정차단속,35.881439000000000,128.607535000000000,2020-10-26
대구광역시 북구,대구광역시 북구 호국로 807,대구광역시 북구 학정동 474,주정차단속,35.954726000000000,128.564756000000000,2020-10-26
대구광역시 북구,대구광역시 북구 동암로 128,대구광역시 북구 구암동 765-1,주정차단속,35.943723000000000,128.564608000000000,2020-10-26
대구광역시 북구,대구광역시 북구 동암로 90,대구광역시 북구 동천동 894-1,주정차단속,35.944553000000000,128.559909000000000,2020-10-26
대구광역시 북구,대구광역시 북구 매전로 14,대구광역시 북구 매천동 678,주정차단속,35.908470000000000,128.543617000000000,2020-10-26
대구광역시 북구,,대구광역시 북구 구암동 839,주정차단속,35.931768000000000,128.565860000000000,2020-10-26
대구광역시 북구,대구광역시 북구 호국로57길 42,대구광역시 북구 서변동 746,주정차단속,35.925730000000000,128.594888000000000,2020-10-26
대구광역시 북구,대구광역시 북구 칠곡중앙대로129길 9,대구광역시 북구 읍내동 313-2,주정차단속,35.953423000000000,128.553075000000000,2020-10-26
대구광역시 북구,대구광역시 북구 내곡로 81,대구광역시 북구 사수동 799,주정차단속,35.901546000000000,128.513245000000000,2020-10-26
대구광역시 북구,대구광역시 북구 호국로43길 31,대구광역시 북구 서변동 1750,주정차단속,35.921063000000000,128.595619000000000,2020-10-26
대구광역시 북구,대구광역시 북구 동화천로 190,대구광역시 북구 연경동 987,주정차단속,35.941185000000000,128.615134000000000,2020-10-26
대구광역시 북구,대구광역시 북구 중앙대로 513,대구광역시 북구 칠성동2가 296-2,주정차단속,35.879026000000000,128.594583000000000,2020-10-26
대구광역시 북구,,대구광역시 북구 학정동 983,주정차단속,35.946471000000000,128.567311000000000,2020-10-26
대구광역시 북구,대구광역시 북구 유통단지로14길 22,대구광역시 북구 산격동 1668,주정차단속,35.905111000000000,128.611722000000000,2020-10-26
대구광역시 북구,,대구광역시 북구 고성동3가 5-141,주정차단속,35.882491000000000,128.583166000000000,2020-10-26
대구광역시 북구,대구광역시 북구 오봉로 29,대구광역시 북구 노원동2가 75-4,주정차단속,35.890343000000000,128.576554000000000,2020-10-26
대구광역시 북구,대구광역시 북구 대천로 93 (건너),대구광역시 북구 동천동 931-5 (건너),주정차단속,35.936936000000000,128.559742000000000,2020-10-26
대구광역시 북구,대구광역시 북구 학정로 50,대구광역시 북구 태전동 1112,주정차단속,35.913473000000000,128.548395000000000,2020-10-26
대구광역시 북구,대구광역시 북구 침산로21길 36,대구광역시 북구 침산동 400-1,주정차단속,35.886799000000000,128.585884000000000,2020-10-26
대구광역시 북구,,대구광역시 북구 산격동 산1-2,주정차단속,35.906614000000000,128.614582000000000,2020-10-26
대구광역시 북구,대구광역시 북구 칠성남로 158,대구광역시 북구 칠성동2가 527-5,주정차단속,35.877169000000000,128.597528000000000,2020-10-26
대구광역시 북구,,대구광역시 북구 칠성동2가 302-139,주정차단속,35.877057990000000,128.592319300000000,2020-10-26
대구광역시 북구청 정보통신과,칠곡중앙대로43길33,,어린이보호,35.915060000000000,128.544510000000000,2021-06-30
대구광역시 북구청 정보통신과,주좌길 31,,어린이보호,35.951030000000000,128.568940000000000,2021-06-30
대구광역시 북구청 정보통신과,대현로9길 50,,어린이보호,35.888490000000000,128.603560000000000,2021-06-30
대구광역시 북구청 정보통신과,주좌길26-17,,어린이보호,35.950130000000000,128.569140000000000,2021-06-30
대구광역시 북구청 정보통신과,주좌길26-17,,어린이보호,35.950130000000000,128.569140000000000,2021-06-30
대구광역시 북구청 정보통신과,주좌길26-17,,어린이보호,35.950130000000000,128.569140000000000,2021-06-30
대구광역시 북구청 정보통신과,매전로4길10-20,,어린이보호,35.908070000000000,128.542550000000000,2021-06-30
대구광역시 북구청 정보통신과,매전로4길10-20,,어린이보호,35.908070000000000,128.542550000000000,2021-06-30
대구광역시 북구청 정보통신과,칠곡중앙대로110길6-20,,어린이보호,35.943860000000000,128.551390000000000,2021-06-30
대구광역시 북구청 정보통신과,칠곡중앙대로110길6-20,,어린이보호,35.943860000000000,128.551390000000000,2021-06-30
대구광역시 북구청 정보통신과,도남길148-46,,어린이보호,35.960910000000000,128.585830000000000,2021-06-30
대구광역시 북구청 정보통신과,도남길148-46,,어린이보호,35.960910000000000,128.585830000000000,2021-06-30
대구광역시 북구청 정보통신과,태전동1105,,어린이보호,35.910050000000000,128.546000000000000,2021-06-30
대구광역시 북구청 정보통신과,매전로73,,어린이보호,35.912930000000000,128.543920000000000,2021-06-30
대구광역시 북구청 정보통신과,칠곡중앙대로77길 28,,어린이보호,35.931370000000000,128.545490000000000,2021-06-30
대구광역시 북구청 정보통신과,태전로7길30-13,,어린이보호,35.923090000000000,128.541190000000000,2021-06-30
대구광역시 북구청 정보통신과,구암로60길 7-20,,어린이보호,35.937820000000000,128.568920000000000,2021-06-30
대구광역시 북구청 정보통신과,구암로60길 11-21,,어린이보호,35.937770000000000,128.569060000000000,2021-06-30
대구광역시 북구청 정보통신과,동변로20길 11,,어린이보호,35.921820000000000,128.602860000000000,2021-06-30
대구광역시 북구청 정보통신과,동변로20길 10,,어린이보호,35.921800000000000,128.603140000000000,2021-06-30
대구광역시 북구청 정보통신과,대현로21길52,,어린이보호,35.884710000000000,128.607920000000000,2021-06-30
대구광역시 북구청 정보통신과,복현로2길32,,어린이보호,35.892180000000000,128.625650000000000,2021-06-30
대구광역시 북구청 정보통신과,동북로 321-21,,어린이보호,35.891910000000000,128.625170000000000,2021-06-30
대구광역시 북구청 정보통신과,복현로2길34,,어린이보호,35.892060000000000,128.625750000000000,2021-06-30
대구광역시 북구청 정보통신과,동천로5-13,,어린이보호,35.932290000000000,128.556930000000000,2021-06-30
대구광역시 북구청 정보통신과,동천로5-13,,어린이보호,35.932290000000000,128.556930000000000,2021-06-30
대구광역시 북구청 정보통신과,동변로18길25,,어린이보호,35.920420000000000,128.606080000000000,2021-06-30
대구광역시 북구청 정보통신과,동변로18길 33,,어린이보호,35.919670000000000,128.606220000000000,2021-06-30
대구광역시 북구청 정보통신과,구암로42길13-20,,어린이보호,35.930290000000000,128.563030000000000,2021-06-30
대구광역시 북구청 정보통신과,구암로42길13-20,,어린이보호,35.930290000000000,128.563030000000000,2021-06-30
대구광역시 북구청 정보통신과,구암로42길13-20,,어린이보호,35.930290000000000,128.563030000000000,2021-06-30
대구광역시 북구청 정보통신과,학정로48길 20,,어린이보호,35.925700000000000,128.559020000000000,2021-06-30
대구광역시 북구청 정보통신과,학정로 48길 16,,어린이보호,35.925450000000000,128.558930000000000,2021-06-30
대구광역시 북구청 정보통신과,학정로42길26-24,,어린이보호,35.925030000000000,128.558440000000000,2021-06-30
대구광역시 북구청 정보통신과,학정로42길26-24,,어린이보호,35.925030000000000,128.558440000000000,2021-06-30
대구광역시 북구청 정보통신과,학정로42길26-24,,어린이보호,35.925030000000000,128.558440000000000,2021-06-30
대구광역시 북구청 정보통신과,서변로3길59,,어린이보호,35.921910000000000,128.594610000000000,2021-06-30
대구광역시 북구청 정보통신과,서변로3길59,,어린이보호,35.921910000000000,128.594610000000000,2021-06-30
대구광역시 북구청 정보통신과,매천로17길28,,어린이보호,35.905590000000000,128.539450000000000,2021-06-30
대구광역시 북구청 정보통신과,매천로17길13,,어린이보호,35.904370000000000,128.539290000000000,2021-06-30
대구광역시 북구청 정보통신과,매천로17길13,,어린이보호,35.904370000000000,128.539290000000000,2021-06-30
대구광역시 북구청 정보통신과,매천로17길13,,어린이보호,35.904370000000000,128.539290000000000,2021-06-30
대구광역시 북구청 정보통신과,칠곡중앙대로99길45-2,,어린이보호,35.941300000000000,128.545080000000000,2021-06-30
대구광역시 북구청 정보통신과,대불서길18-1,,어린이보호,35.901360000000000,128.614060000000000,2021-06-30
대구광역시 북구청 정보통신과,대불서길18-6(2),,어린이보호,35.901190000000000,128.614530000000000,2021-06-30
대구광역시 북구청 정보통신과,산격로서9길6-2,,어린이보호,35.895220000000000,128.602090000000000,2021-06-30
대구광역시 북구청 정보통신과,산격로서9길6-1(2),,어린이보호,35.895220000000000,128.602230000000000,2021-06-30
대구광역시 북구청 정보통신과,구리로169(1),,어린이보호,35.947990000000000,128.573110000000000,2021-06-30
대구광역시 북구청 정보통신과,구리로169(2),,어린이보호,35.947990000000000,128.573110000000000,2021-06-30
대구광역시 북구청 정보통신과,구리로169(3),,어린이보호,35.947990000000000,128.573110000000000,2021-06-30
대구광역시 북구청 정보통신과,학정로48길42-6(1),,어린이보호,35.927230000000000,128.560680000000000,2021-06-30
대구광역시 북구청 정보통신과,학정로48길42-6(2),,어린이보호,35.927230000000000,128.560680000000000,2021-06-30
대구광역시 북구청 정보통신과,산격동 1519-16 동성맨션,,어린이보호,35.899130000000000,128.593620000000000,2021-06-30
대구광역시 북구청 정보통신과,학정로42길 28,,어린이보호,35.926160000000000,128.558060000000000,2021-06-30
대구광역시 북구청 정보통신과,학정로42길27(4),,어린이보호,35.926320000000000,128.557850000000000,2021-06-30
대구광역시 북구청 정보통신과,대천로101(1),,어린이보호,35.937010000000000,128.560340000000000,2021-06-30
대구광역시 북구청 정보통신과,대천로101(2),,어린이보호,35.937010000000000,128.560340000000000,2021-06-30
대구광역시 북구청 정보통신과,관음중앙로 106,,어린이보호,35.943340000000000,128.545230000000000,2021-06-30
대구광역시 북구청 정보통신과,관음중앙로22길 8,,어린이보호,35.942820000000000,128.545600000000000,2021-06-30
대구광역시 북구청 정보통신과,관음중앙로22길 8,,어린이보호,35.942820000000000,128.545600000000000,2021-06-30
대구광역시 북구청 정보통신과,관음중앙로 100,,어린이보호,35.942840000000000,128.545090000000000,2021-06-30
대구광역시 북구청 정보통신과,침산동 1324,,어린이보호,35.894570000000000,128.583840000000000,2021-06-30
대구광역시 북구청 정보통신과,오봉로6길10(1),,어린이보호,35.889850000000000,128.577700000000000,2021-06-30
대구광역시 북구청 정보통신과,오봉로6길10(2),,어린이보호,35.889850000000000,128.577700000000000,2021-06-30
대구광역시 북구청 정보통신과,칠곡중앙대로86길17-1(1),,어린이보호,35.934310000000000,128.550320000000000,2021-06-30
대구광역시 북구청 정보통신과,칠곡중앙대로86길17-1(3),,어린이보호,35.934310000000000,128.550320000000000,2021-06-30
대구광역시 북구청 정보통신과,칠곡중앙대로86길17-1(4),,어린이보호,35.934310000000000,128.550320000000000,2021-06-30
대구광역시 북구청 정보통신과,환성정길12-11(1),,어린이보호,35.923150000000000,128.595330000000000,2021-06-30
대구광역시 북구청 정보통신과,환성정길12-11(2),,어린이보호,35.923150000000000,128.595330000000000,2021-06-30
대구광역시 북구청 정보통신과,연암로34길 2-1,,어린이보호,35.899670000000000,128.596770000000000,2021-06-30
대구광역시 북구청 정보통신과,서변로3길79-2,,어린이보호,35.923150000000000,128.595970000000000,2021-06-30
대구광역시 북구청 정보통신과,복현로20길73-1(2),,어린이보호,35.905990000000000,128.621230000000000,2021-06-30
대구광역시 북구청 정보통신과,복현로20길75-7,,어린이보호,35.906100000000000,128.620940000000000,2021-06-30
대구광역시 북구청 정보통신과,복현로20길74,,어린이보호,35.905980000000000,128.621490000000000,2021-06-30
대구광역시 북구청 정보통신과,칠곡중앙대로126길3(1),,어린이보호,35.951110000000000,128.553940000000000,2021-06-30
대구광역시 북구청 정보통신과,칠곡중앙대로126길3(2),,어린이보호,35.951110000000000,128.553940000000000,2021-06-30
대구광역시 북구청 정보통신과,칠곡중앙대로126길3(3),,어린이보호,35.951110000000000,128.553940000000000,2021-06-30
대구광역시 북구청 정보통신과,경대로7길60,,어린이보호,35.885880000000000,128.608140000000000,2021-06-30
대구광역시 북구청 정보통신과,경대로7길55(3),,어린이보호,35.885680000000000,128.608240000000000,2021-06-30
대구광역시 북구청 정보통신과,구암로50길16-2(1),,어린이보호,35.934130000000000,128.567430000000000,2021-06-30
대구광역시 북구청 정보통신과,동변로20길28(1),,어린이보호,35.922700000000000,128.601400000000000,2021-06-30
대구광역시 북구청 정보통신과,동변로20길 29,,어린이보호,35.922720000000000,128.601120000000000,2021-06-30
대구광역시 북구청 정보통신과,신천동로148길 52,,어린이보호,35.884050000000000,128.604700000000000,2021-06-30
대구광역시 북구청 정보통신과,신천동로148길56(2),,어린이보호,35.884000000000000,128.604790000000000,2021-06-30
대구광역시 북구청 정보통신과,학정로110-22(1),,어린이보호,35.917170000000000,128.552050000000000,2021-06-30
대구광역시 북구청 정보통신과,학정로110-22(2),,어린이보호,35.917170000000000,128.552050000000000,2021-06-30
대구광역시 북구청 정보통신과,연암로4길 35,,어린이보호,35.890240000000000,128.603100000000000,2021-06-30
대구광역시 북구청 정보통신과,연암로4길 39,,어린이보호,35.890390000000000,128.603290000000000,2021-06-30
대구광역시 북구청 정보통신과,침산남로9길6-6,,어린이보호,35.889730000000000,128.581350000000000,2021-06-30
대구광역시 북구청 정보통신과,침산남로9길6-6,,어린이보호,35.889730000000000,128.581350000000000,2021-06-30
대구광역시 북구청 정보통신과,고성로34길 91,,어린이보호,35.879560000000000,128.588400000000000,2021-06-30
대구광역시 북구청 정보통신과,고성로34길 90,,어린이보호,35.879390000000000,128.588140000000000,2021-06-30
대구광역시 북구청 정보통신과,영송로15,,어린이보호,35.926840000000000,128.544030000000000,2021-06-30
대구광역시 북구청 정보통신과,영송로15,,어린이보호,35.926840000000000,128.544030000000000,2021-06-30
대구광역시 북구청 정보통신과,영송로15,,어린이보호,35.926840000000000,128.544030000000000,2021-06-30
대구광역시 북구청 정보통신과,구암로60길 35,,어린이보호,35.938290000000000,128.569890000000000,2021-06-30
대구광역시 북구청 정보통신과,구암로60길38,,어린이보호,35.938660000000000,128.570010000000000,2021-06-30
대구광역시 북구청 정보통신과,칠곡중앙대로43길13,,어린이보호,35.915010000000000,128.546850000000000,2021-06-30
대구광역시 북구청 정보통신과,칠곡중앙대로43길13,,어린이보호,35.915010000000000,128.546850000000000,2021-06-30
대구광역시 북구청 정보통신과,도남길57-1,,어린이보호,35.954030000000000,128.580580000000000,2021-06-30
대구광역시 북구청 정보통신과,구암로50길16-2(3),,어린이보호,35.934130000000000,128.567430000000000,2021-06-30
대구광역시 북구청 정보통신과,오봉로6길6(1),,어린이보호,35.889930000000000,128.577360000000000,2021-06-30
대구광역시 북구청 정보통신과,침산남로 180-6,,어린이보호,35.886800000000000,128.594870000000000,2021-06-30
대구광역시 북구청 정보통신과,침산남로32길17(2),,어린이보호,35.887030000000000,128.593240000000000,2021-06-30
대구광역시 북구청 정보통신과,칠곡중앙대로42길7(1),,어린이보호,35.915700000000000,128.549540000000000,2021-06-30
대구광역시 북구청 정보통신과,칠곡중앙대로42길7(2),,어린이보호,35.915700000000000,128.549540000000000,2021-06-30
대구광역시 북구청 정보통신과,칠곡중앙대로42길2(1),,어린이보호,35.915430000000000,128.548900000000000,2021-06-30
대구광역시 북구청 정보통신과,칠곡중앙대로126길21-5,,어린이보호,35.949680000000000,128.554820000000000,2021-06-30
대구광역시 북구청 정보통신과,칠곡중앙대로126길21-34,,어린이보호,35.949470000000000,128.555290000000000,2021-06-30
대구광역시 북구청 정보통신과,칠곡중앙대로126길19(1),,어린이보호,35.949780000000000,128.554440000000000,2021-06-30
대구광역시 북구청 정보통신과,칠곡중앙대로126길19(2),,어린이보호,35.949780000000000,128.554440000000000,2021-06-30
대구광역시 북구청 정보통신과,환성정길17-2(1),,어린이보호,35.922830000000000,128.594510000000000,2021-06-30
대구광역시 북구청 정보통신과,환성정길 15,,어린이보호,35.922710000000000,128.595050000000000,2021-06-30
대구광역시 북구청 정보통신과,환성정길 15,,어린이보호,35.922710000000000,128.595050000000000,2021-06-30
대구광역시 북구청 정보통신과,환성정길17-2(4),,어린이보호,35.922830000000000,128.594510000000000,2021-06-30
대구광역시 북구청 정보통신과,도남길57-1,,어린이보호,35.954030000000000,128.580580000000000,2021-06-30
대구광역시 북구청 정보통신과,학정동로87,,어린이보호,35.951600000000000,128.568030000000000,2021-06-30
대구광역시 북구청 정보통신과,학정로 106길 29,,어린이보호,35.951770000000000,128.568750000000000,2021-06-30
대구광역시 북구청 정보통신과,고성로34길 57,,어린이보호,35.879980000000000,128.586470000000000,2021-06-30
대구광역시 북구청 정보통신과,고성로34길 73,,어린이보호,35.879750000000000,128.587400000000000,2021-06-30
대구광역시 북구청 정보통신과,산격동 1519-4,,어린이보호,35.889680000000000,128.599990000000000,2021-06-30
대구광역시 북구청 정보통신과,침산남로37길10침산동118-7,,어린이보호,35.888290000000000,128.596170000000000,2021-06-30
대구광역시 북구청 정보통신과,매천로37길8,,어린이보호,35.913570000000000,128.541620000000000,2021-06-30
대구광역시 북구청 정보통신과,매천로37길8,,어린이보호,35.913570000000000,128.541620000000000,2021-06-30
대구광역시 북구청 정보통신과,칠곡중앙대로43길33,,어린이보호,35.915060000000000,128.544510000000000,2021-06-30
대구광역시 북구청 정보통신과,칠곡중앙대로43길33,,어린이보호,35.915060000000000,128.544510000000000,2021-06-30
대구광역시 북구청 정보통신과,관음중앙로164(2-2),,어린이보호,35.944770000000000,128.550180000000000,2021-06-30
대구광역시 북구청 정보통신과,대천로42건너편(1),,어린이보호,35.937300000000000,128.553640000000000,2021-06-30
대구광역시 북구청 정보통신과,동변로60(동변초교건너)(2)-2,,어린이보호,35.919130000000000,128.604220000000000,2021-06-30
대구광역시 북구청 정보통신과,학남로 32,,어린이보호,35.948220000000000,128.568700000000000,2021-06-30
대구광역시 북구청 정보통신과,옥산로17길21,,어린이보호,35.886270000000000,128.584200000000000,2021-06-30
대구광역시 북구청 정보통신과,칠곡중앙대로80길26(2),,어린이보호,35.930220000000000,128.550850000000000,2021-06-30
대구광역시 북구청 정보통신과,학정로245(1)-2,,어린이보호,35.928140000000000,128.557750000000000,2021-06-30
대구광역시 북구청 정보통신과,동천동880번지(1)-2,,어린이보호,35.933480000000000,128.559440000000000,2021-06-30
대구광역시 북구청 정보통신과,연암로25길24(2),,어린이보호,35.896690000000000,128.594540000000000,2021-06-30
대구광역시 북구청 정보통신과,산격로서9길 14,,어린이보호,35.895230000000000,128.601440000000000,2021-06-30
대구광역시 북구청 정보통신과,산격로서9길 17-2,,어린이보호,35.894990000000000,128.600770000000000,2021-06-30
대구광역시 북구청 정보통신과,침산남로13길40,,어린이보호,35.891560000000000,128.579940000000000,2021-06-30
대구광역시 북구청 정보통신과,구암동 773,,어린이보호,35.942530000000000,128.569400000000000,2021-06-30
대구광역시 북구청 정보통신과,옥산로17길 41,,어린이보호,35.887820000000000,128.586250000000000,2021-06-30
대구광역시 북구청 정보통신과,동북로37길64,,어린이보호,35.902540000000000,128.610230000000000,2021-06-30
대구광역시 북구청 정보통신과,대동로1길 43,,어린이보호,35.898320000000000,128.611700000000000,2021-06-30
대구광역시 북구청 정보통신과,산격로10길22,,어린이보호,35.894840000000000,128.607770000000000,2021-06-30
대구광역시 북구청 정보통신과,중앙대로118길 41,,어린이보호,35.883520000000000,128.598940000000000,2021-06-30
대구광역시 북구청 정보통신과,중앙대로118길 47,,어린이보호,35.883330000000000,128.599070000000000,2021-06-30
대구광역시 북구청 정보통신과,침산로22길5,,어린이보호,35.886080000000000,128.591260000000000,2021-06-30
대구광역시 북구청 정보통신과,관음중앙로29길6,,어린이보호,35.945440000000000,128.548530000000000,2021-06-30
대구광역시 북구청 정보통신과,매천로2길21,,어린이보호,35.897290000000000,128.544600000000000,2021-06-30
대구광역시 북구청 정보통신과,영송로 70,,어린이보호,35.931510000000000,128.544620000000000,2021-06-30
대구광역시 북구청 정보통신과,칠곡중앙대로77길23-12,,어린이보호,35.930580000000000,128.545260000000000,2021-06-30
대구광역시 북구청 정보통신과,검단북로40길11,,어린이보호,35.915350000000000,128.628040000000000,2021-06-30
대구광역시 북구청 정보통신과,대천로18길1(1),,어린이보호,35.936750000000000,128.558510000000000,2021-06-30
대구광역시 북구청 정보통신과,대천로18길1(2),,어린이보호,35.936750000000000,128.558510000000000,2021-06-30
대구광역시 북구청 정보통신과,고성북로7-10,,어린이보호,35.880870000000000,128.581950000000000,2021-06-30
대구광역시 북구청 정보통신과,대구광역시 북구 중앙대로_617-27,,어린이보호,35.887994200000000,128.597754200000000,2021-06-30
대구광역시 북구청 정보통신과,대구광역시 북구 성북로_39,,어린이보호,35.891452300000000,128.587808900000000,2021-06-30
대구광역시 북구청 정보통신과,성북로9길_13,,어린이보호,35.890470000000000,128.584590000000000,2021-06-30
대구광역시 북구청 정보통신과,대구광역시 북구 연암로33길_5,,어린이보호,35.898489300000000,128.595122200000000,2021-06-30
대구광역시 북구청 정보통신과,대구광역시 북구 동북로서37길_10,,어린이보호,35.899565500000000,128.612293900000000,2021-06-30
대구광역시 북구청 정보통신과,경대로23길_45,,어린이보호,35.883630000000000,128.612930000000000,2021-06-30
대구광역시 북구청 정보통신과,대천로18길5(1),,어린이보호,35.936360000000000,128.558500000000000,2021-06-30
대구광역시 북구청 정보통신과,대천로18길5(2),,어린이보호,35.936360000000000,128.558500000000000,2021-06-30
대구광역시 북구청 정보통신과,매천로167-11(1),,어린이보호,35.912120000000000,128.541820000000000,2021-06-30
대구광역시 북구청 정보통신과,매천로167-11(2),,어린이보호,35.912120000000000,128.541820000000000,2021-06-30
대구광역시 북구청 정보통신과,매천로2길41,,어린이보호,35.897550000000000,128.546550000000000,2021-06-30
대구광역시 북구청 정보통신과,매천로2길19-26,,어린이보호,35.899470000000000,128.544370000000000,2021-06-30
대구광역시 북구청 정보통신과,침산남로서9길5,,어린이보호,35.891490000000000,128.580790000000000,2021-06-30
대구광역시 북구청 정보통신과,침산남로13길40,,어린이보호,35.891560000000000,128.579940000000000,2021-06-30
대구광역시 북구청 정보통신과,침산남로13길 40-1,,어린이보호,35.891670000000000,128.580020000000000,2021-06-30
대구광역시 북구청 정보통신과,침산남로서9길7,,어린이보호,35.891620000000000,128.580740000000000,2021-06-30
대구광역시 북구청 정보통신과,침산남로39길 19,,어린이보호,35.888720000000000,128.597050000000000,2021-06-30
대구광역시 북구청 정보통신과,침산남로39길19(2),,어린이보호,35.888720000000000,128.597050000000000,2021-06-30
대구광역시 북구청 정보통신과,침산남로39길19(3),,어린이보호,35.888720000000000,128.597050000000000,2021-06-30
대구광역시 북구청 정보통신과,대불서길34(1),,어린이보호,35.902450000000000,128.613100000000000,2021-06-30
대구광역시 북구청 정보통신과,대불서길34(2),,어린이보호,35.902450000000000,128.613100000000000,2021-06-30
대구광역시 북구청 정보통신과,대불서길30(1),,어린이보호,35.902060000000000,128.613420000000000,2021-06-30
대구광역시 북구청 정보통신과,대불서길30(2),,어린이보호,35.902060000000000,128.613420000000000,2021-06-30
대구광역시 북구청 정보통신과,동북로26길 26,,어린이보호,35.899820000000000,128.605160000000000,2021-06-30
대구광역시 북구청 정보통신과,동북로26길 24,,어린이보호,35.899930000000000,128.605460000000000,2021-06-30
대구광역시 북구청 정보통신과,대천로9길23(1),,어린이보호,35.938880000000000,128.555460000000000,2021-06-30
대구광역시 북구청 정보통신과,대천로9길23(2),,어린이보호,35.938880000000000,128.555460000000000,2021-06-30
대구광역시 북구청 정보통신과,태전동 608-25,,어린이보호,35.919310000000000,128.548140000000000,2021-06-30
대구광역시 북구청 정보통신과,태전동 614-3,,어린이보호,35.919110000000000,128.550520000000000,2021-06-30
대구광역시 북구청 정보통신과,구암동 785-1,,어린이보호,35.940860000000000,128.566770000000000,2021-06-30
대구광역시 북구청 정보통신과,복현동 338-1,,어린이보호,35.893910000000000,128.622720000000000,2021-06-30
대구광역시 북구청 정보통신과,경진로 69-7,,어린이보호,35.892090000000000,128.619160000000000,2021-06-30
대구광역시 북구청 정보통신과,공항로 16,,어린이보호,35.897270000000000,128.617320000000000,2021-06-30
대구광역시 북구청 정보통신과,관음동 1402,,어린이보호,35.936040000000000,128.548540000000000,2021-06-30
대구광역시 북구청 정보통신과,관음동 1386-15,,어린이보호,35.936590000000000,128.548740000000000,2021-06-30
대구광역시 북구청 정보통신과,복현로20길_20,,어린이보호,35.893900000000000,128.623830000000000,2021-06-30
대구광역시 북구청 정보통신과,복현로20길_14,,어린이보호,35.893900000000000,128.623830000000000,2021-06-30
대구광역시 북구청 정보통신과,동북로57길_9-5,,어린이보호,35.902460000000000,128.599980000000000,2021-06-30
대구광역시 북구청 정보통신과,대현남로6길 1,,어린이보호,35.881430000000000,128.607530000000000,2021-06-30
대구광역시 북구청 정보통신과,대구광역시 북구 검단로49길_37,,어린이보호,35.915417300000000,128.625921100000000,2021-06-30
대구광역시 북구청 정보통신과,동변로20길 17-4,,어린이보호,35.921810000000000,128.601900000000000,2021-06-30
대구광역시 북구청 정보통신과,동변로20길 24,,어린이보호,35.922640000000000,128.601620000000000,2021-06-30
대구광역시 북구청 정보통신과,태전로15길 17,,어린이보호,35.926050000000000,128.540920000000000,2021-06-30
대구광역시 북구청 정보통신과,칠곡중앙대로71길 30-11,,어린이보호,35.928190000000000,128.545680000000000,2021-06-30
대구광역시 북구청 정보통신과,대구광역시 북구 학정로1길_22,,어린이보호,35.915052400000000,128.544350900000000,2021-06-30
대구광역시 북구청 정보통신과,칠곡중앙대로46길_31-20_삼거리,,어린이보호,35.900240000000000,128.547940000000000,2021-06-30
대구광역시 북구청 정보통신과,대구광역시 북구 학정로48길_39_(1),,어린이보호,35.927152400000000,128.559874100000000,2021-06-30
대구광역시 북구청 정보통신과,대구광역시 북구 학정로48길_39_(2),,어린이보호,35.927152400000000,128.559874100000000,2021-06-30
대구광역시 북구청 정보통신과,관음동로13길 13-9,,어린이보호,35.938220000000000,128.546100000000000,2021-06-30
대구광역시 북구청 정보통신과,대구광역시 북구 관음중앙로22길_8-21,,어린이보호,35.942056200000000,128.545639400000000,2021-06-30
대구광역시 북구청 정보통신과,대구광역시 북구 관음동로9길_17,,어린이보호,35.937293100000000,128.545142200000000,2021-06-30
대구광역시 북구청 정보통신과,대구광역시 북구 학정로_298(구암동),,어린이보호,35.931121600000000,128.561722000000000,2021-06-30
대구광역시 북구청 정보통신과,대구광역시 북구 관음중앙로33길_8-1,,어린이보호,35.945610800000000,128.549982000000000,2021-06-30
대구광역시 북구청 정보통신과,대구광역시 북구 관음중앙로33길_3-9,,어린이보호,35.945587400000000,128.549178200000000,2021-06-30
대구광역시 북구청 정보통신과,대구광역시 북구 도남길_45-10,,어린이보호,35.953355700000000,128.580555600000000,2021-06-30
대구광역시 북구청 정보통신과,대구광역시 북구 학정동로13길_10-20,,어린이보호,35.950936400000000,128.567013900000000,2021-06-30
대구광역시 북구청 정보통신과,대구광역시 북구 도남길_33-9,,어린이보호,35.952210800000000,128.580046500000000,2021-06-30
대구광역시 북구청 정보통신과,대동로3길_20_인근,,어린이보호,35.898370000000000,128.607570000000000,2021-06-30
대구광역시 북구청 정보통신과,관음동 1364-24,,어린이보호,35.937290000000000,128.546920000000000,2021-06-30
대구광역시 북구청 정보통신과,태전동 1008,,어린이보호,35.930350000000000,128.549730000000000,2021-06-30
대구광역시 북구청 정보통신과,태암로5길 6,,어린이보호,35.928820000000000,128.550880000000000,2021-06-30
대구광역시 북구청 정보통신과,관음동 184-13,,어린이보호,35.942690000000000,128.546360000000000,2021-06-30
대구광역시 북구청 정보통신과,관음중앙로21길 8,,어린이보호,35.943500000000000,128.544310000000000,2021-06-30
대구광역시 북구청 정보통신과,관음동 1292-16,,어린이보호,35.941430000000000,128.547200000000000,2021-06-30
대구광역시 북구청 정보통신과,관음동로15길 14-1,,어린이보호,35.939510000000000,128.545580000000000,2021-06-30
대구광역시 북구청 정보통신과,읍내동 780-5,,어린이보호,35.943170000000000,128.549780000000000,2021-06-30
대구광역시 북구청 정보통신과,읍내동 779-2,,어린이보호,35.943250000000000,128.548880000000000,2021-06-30
대구광역시 북구청 정보통신과,구암동 688-1,,어린이보호,35.927930000000000,128.555210000000000,2021-06-30
대구광역시 북구청 정보통신과,대불로5길 16,,어린이보호,35.902200000000000,128.611880000000000,2021-06-30
대구광역시 북구청 정보통신과,대불서길 8,,어린이보호,35.900610000000000,128.614820000000000,2021-06-30
대구광역시 북구청 정보통신과,동북로 190-12,,어린이보호,35.897870000000000,128.612760000000000,2021-06-30
대구광역시 북구청 정보통신과,대학로 145-8,,어린이보호,35.897160000000000,128.613630000000000,2021-06-30
대구광역시 북구청 정보통신과,산격동 793-85,,어린이보호,35.895290000000000,128.593800000000000,2021-06-30
대구광역시 북구청 정보통신과,연암로25길 40,,어린이보호,35.897780000000000,128.593420000000000,2021-06-30
대구광역시 북구청 정보통신과,연암공원로28길 17-2,,어린이보호,35.899140000000000,128.605670000000000,2021-06-30
대구광역시 북구청 정보통신과,연암공원로 142,,어린이보호,35.900520000000000,128.605630000000000,2021-06-30
대구광역시 북구청 정보통신과,읍내동 1362-2,,어린이보호,35.937620000000000,128.554960000000000,2021-06-30
대구광역시 북구청 정보통신과,읍내동 967-1,,어린이보호,35.938740000000000,128.552400000000000,2021-06-30
대구광역시 북구청 정보통신과,국우동 1114-10,,어린이보호,35.946990000000000,128.577210000000000,2021-06-30
대구광역시 북구청 정보통신과,동변동 698,,어린이보호,35.916440000000000,128.604190000000000,2021-06-30
대구광역시 북구청 정보통신과,동변로14길 1,,어린이보호,35.919680000000000,128.603830000000000,2021-06-30
대구광역시 북구청 정보통신과,매천동 173,,어린이보호,35.913320000000000,128.541030000000000,2021-06-30
대구광역시 북구청 정보통신과,대천로9길23(3),,어린이보호,35.938880000000000,128.555460000000000,2021-06-30
대구광역시 북구청 정보통신과,대천로9길19,,어린이보호,35.938860000000000,128.555200000000000,2021-06-30
대구광역시 북구청 정보통신과,산격동 1233-3,,어린이보호,35.899840000000000,128.604710000000000,2021-06-30
대구광역시 북구청 정보통신과,산격동 1233-3,,어린이보호,35.899840000000000,128.604710000000000,2021-06-30
대구광역시 북구청 정보통신과,칠성로19길18(1),,어린이보호,35.880350000000000,128.599710000000000,2021-06-30
대구광역시 북구청 정보통신과,칠성로19길18(2),,어린이보호,35.880350000000000,128.599710000000000,2021-06-30
대구광역시 북구청 정보통신과,복현로14,,어린이보호,35.893430000000000,128.623320000000000,2021-06-30
대구광역시 북구청 정보통신과,복현로16-1,,어린이보호,35.893580000000000,128.623470000000000,2021-06-30
대구광역시 북구청 정보통신과,복현로8,,어린이보호,35.893070000000000,128.622980000000000,2021-06-30
대구광역시 북구청 정보통신과,복현동 214-19,,어린이보호,35.896190000000000,128.619690000000000,2021-06-30
대구광역시 북구청 정보통신과,복현동 214-19,,어린이보호,35.896190000000000,128.619690000000000,2021-06-30
대구광역시 북구청 정보통신과,복현로북2길5(1),,어린이보호,35.893220000000000,128.623780000000000,2021-06-30
대구광역시 북구청 정보통신과,복현로북2길5(2),,어린이보호,35.893220000000000,128.623780000000000,2021-06-30
대구광역시 북구청 정보통신과,대구광역시 북구 복현로2길13,,어린이보호,35.892431900000000,128.623906200000000,2021-06-30
대구광역시 북구청 정보통신과,복현로2길8,,어린이보호,35.892540000000000,128.623550000000000,2021-06-30
대구광역시 북구청 정보통신과,검단로243(1),,어린이보호,35.915140000000000,128.629490000000000,2021-06-30
대구광역시 북구청 정보통신과,검단로243(2),,어린이보호,35.915140000000000,128.629490000000000,2021-06-30
대구광역시 북구청 정보통신과,검단로255,,어린이보호,35.916330000000000,128.628150000000000,2021-06-30
대구광역시 북구청 정보통신과,칠곡중앙대로46길31-2(1),,어린이보호,35.919400000000000,128.550110000000000,2021-06-30
대구광역시 북구청 정보통신과,칠곡중앙대로46길31-2(2),,어린이보호,35.919400000000000,128.550110000000000,2021-06-30
대구광역시 북구청 정보통신과,칠곡중앙대로46길31-2(3),,어린이보호,35.919400000000000,128.550110000000000,2021-06-30
대구광역시 북구청 정보통신과,칠곡중앙대로46길 43-2,,어린이보호,35.920290000000000,128.550540000000000,2021-06-30
대구광역시 북구청 정보통신과,대천로18길1(3),,어린이보호,35.936750000000000,128.558510000000000,2021-06-30
대구광역시 북구청 정보통신과,태전로1길9,,어린이보호,35.920420000000000,128.545110000000000,2021-06-30
대구광역시 북구청 정보통신과,대동로36,,어린이보호,35.896940000000000,128.610380000000000,2021-06-30
대구광역시 북구청 정보통신과,칠성시장로23길 47,,어린이보호,35.882310000000000,128.598630000000000,2021-06-30
대구광역시 북구청 정보통신과,학정로7길2,,어린이보호,35.913850000000000,128.546740000000000,2021-06-30
대구광역시 북구청 정보통신과,영송로67(1),,어린이보호,35.931460000000000,128.544230000000000,2021-06-30
대구광역시 북구청 정보통신과,영송로67(2),,어린이보호,35.931460000000000,128.544230000000000,2021-06-30
대구광역시 북구청 정보통신과,칠곡중앙대로397-20,,어린이보호,35.931640000000000,128.546150000000000,2021-06-30
대구광역시 북구청 정보통신과,매천로204(1),,어린이보호,35.915180000000000,128.542590000000000,2021-06-30
대구광역시 북구청 정보통신과,매천로204(2),,어린이보호,35.915180000000000,128.542590000000000,2021-06-30
대구광역시 북구청 정보통신과,매천로204(3),,어린이보호,35.915180000000000,128.542590000000000,2021-06-30
대구광역시 북구청 정보통신과,구암로32길 13(1),,어린이보호,35.930160000000000,128.558160000000000,2021-06-30
대구광역시 북구청 정보통신과,구암로32길 13(2),,어린이보호,35.930160000000000,128.558160000000000,2021-06-30
대구광역시 북구청 정보통신과,구암로32길 13(3),,어린이보호,35.930160000000000,128.558160000000000,2021-06-30
대구광역시 북구청 정보통신과,태암로18길20-7(1),,어린이보호,35.925970000000000,128.555010000000000,2021-06-30
대구광역시 북구청 정보통신과,태암로18길20-7(2),,어린이보호,35.925970000000000,128.555010000000000,2021-06-30
대구광역시 북구청 정보통신과,태암로18길30-18,,어린이보호,35.925480000000000,128.554890000000000,2021-06-30
대구광역시 북구청 정보통신과,태암로18길19,,어린이보호,35.925450000000000,128.555460000000000,2021-06-30
대구광역시 북구청 정보통신과,칠곡중앙대로99길45-11(1),,어린이보호,35.940810000000000,128.545460000000000,2021-06-30
대구광역시 북구청 정보통신과,칠곡중앙대로99길45-11(2),,어린이보호,35.940810000000000,128.545460000000000,2021-06-30
대구광역시 북구청 정보통신과,구암로21길6(1),,어린이보호,35.932750000000000,128.552810000000000,2021-06-30
대구광역시 북구청 정보통신과,검단동 936-25,,어린이보호,35.906170000000000,128.619780000000000,2021-06-30
대구광역시 북구청 정보통신과,복현로34길 17,,어린이보호,35.904220000000000,128.620710000000000,2021-06-30
대구광역시 북구청 정보통신과,복현동 산 47-2,,어린이보호,35.897990000000000,128.625260000000000,2021-06-30
대구광역시 북구청 정보통신과,읍내동 459,,어린이보호,35.947350000000000,128.554670000000000,2021-06-30
대구광역시 북구청 정보통신과,서변로3길 39,,어린이보호,35.920250000000000,128.594110000000000,2021-06-30
대구광역시 북구청 정보통신과,호국로57길 36,,어린이보호,35.927020000000000,128.594900000000000,2021-06-30
대구광역시 북구청 정보통신과,복현로36길 12,,어린이보호,35.904640000000000,128.620400000000000,2021-06-30
대구광역시 북구청 정보통신과,구암동 787-4,,어린이보호,35.937170000000000,128.563500000000000,2021-06-30
대구광역시 북구청 정보통신과,조야동 92-10,,어린이보호,35.909270000000000,128.578830000000000,2021-06-30
대구광역시 북구청 정보통신과,읍내동 1010,,어린이보호,35.939270000000000,128.553240000000000,2021-06-30
대구광역시 북구청 정보통신과,칠성동2가 715,,어린이보호,35.878620000000000,128.591860000000000,2021-06-30
대구광역시 북구청 정보통신과,읍내동 803-2,,어린이보호,35.946810000000000,128.552180000000000,2021-06-30
대구광역시 북구청 정보통신과,읍내동 820-13,,어린이보호,35.945300000000000,128.553700000000000,2021-06-30
대구광역시 북구청 정보통신과,칠성동2가 115-8,,어린이보호,35.884410000000000,128.591990000000000,2021-06-30
대구광역시 북구청 정보통신과,침산동 452-29,,어린이보호,35.890970000000000,128.584550000000000,2021-06-30
대구광역시 북구청 정보통신과,태전동 429-3,,어린이보호,35.922840000000000,128.551310000000000,2021-06-30
대구광역시 북구청 정보통신과,태전동 1075-6,,어린이보호,35.924930000000000,128.550320000000000,2021-06-30
대구광역시 북구청 정보통신과,태전동 957-2,,어린이보호,35.930250000000000,128.546800000000000,2021-06-30
대구광역시 북구청 정보통신과,태전동 951-11,,어린이보호,35.929680000000000,128.544630000000000,2021-06-30
대구광역시 북구청 정보통신과,태전동 303-2,,어린이보호,35.926380000000000,128.541640000000000,2021-06-30
대구광역시 북구청 정보통신과,학정동 981-6,,어린이보호,35.946660000000000,128.566420000000000,2021-06-30
대구광역시 북구청 정보통신과,동천동 945-9,,어린이보호,35.934610000000000,128.557030000000000,2021-06-30
대구광역시 북구청 정보통신과,침산동 118-12,,어린이보호,35.888380000000000,128.596600000000000,2021-06-30
대구광역시 북구청 정보통신과,팔달동 83-3,,어린이보호,35.899470000000000,128.544370000000000,2021-06-30
대구광역시 북구청 정보통신과,칠성로19길 4,,어린이보호,35.879220000000000,128.600020000000000,2021-06-30
대구광역시 북구청 정보통신과,칠성로17길 8,,어린이보호,35.879380000000000,128.598580000000000,2021-06-30
대구광역시 북구청 정보통신과,구암로21길6(2),,어린이보호,35.932750000000000,128.552810000000000,2021-06-30
대구광역시 북구청 정보통신과,동암로7길39(1),,어린이보호,35.949550000000000,128.555570000000000,2021-06-30
대구광역시 북구청 정보통신과,동암로7길39(2),,어린이보호,35.949550000000000,128.555570000000000,2021-06-30
대구광역시 북구청 정보통신과,동암로7길39(3),,어린이보호,35.949550000000000,128.555570000000000,2021-06-30
대구광역시 북구청 정보통신과,관음중앙로29길9,,어린이보호,35.946080000000000,128.548360000000000,2021-06-30
대구광역시 북구청 정보통신과,관음동로32길6-13,,어린이보호,35.946120000000000,128.547730000000000,2021-06-30
대구광역시 북구청 정보통신과,관음동로32길10,,어린이보호,35.946590000000000,128.547350000000000,2021-06-30
대구광역시 북구청 정보통신과,동암로21-19(2),,어린이보호,35.947480000000000,128.553590000000000,2021-06-30
대구광역시 북구청 정보통신과,칠곡중앙대로118길20,,어린이보호,35.947530000000000,128.554180000000000,2021-06-30
대구광역시 북구청 정보통신과,동암로21-14,,어린이보호,35.947180000000000,128.554290000000000,2021-06-30
대구광역시 북구청 정보통신과,대천로18길32(1),,어린이보호,35.934240000000000,128.557120000000000,2021-06-30
대구광역시 북구청 정보통신과,대천로18길32(2),,어린이보호,35.934240000000000,128.557120000000000,2021-06-30
대구광역시 북구청 정보통신과,팔거천동로 142-3,,어린이보호,35.936850000000000,128.556860000000000,2021-06-30
대구광역시 북구청 정보통신과,산격로13길 35-11,,어린이보호,35.897180000000000,128.601560000000000,2021-06-30
대구광역시 북구청 정보통신과,동암로37길16,,어린이보호,35.944550000000000,128.571470000000000,2021-06-30
대구광역시 북구청 정보통신과,학정동로13길10(1),,어린이보호,35.950280000000000,128.566910000000000,2021-06-30
대구광역시 북구청 정보통신과,학정동로13길10(2),,어린이보호,35.950280000000000,128.566910000000000,2021-06-30
대구광역시 북구청 정보통신과,학정동로13길10(3),,어린이보호,35.950280000000000,128.566910000000000,2021-06-30
대구광역시 북구청 정보통신과,학정동로13길10(4),,어린이보호,35.950280000000000,128.566910000000000,2021-06-30
대구광역시 북구청 정보통신과,학남로1길2-11,,어린이보호,35.949020000000000,128.566300000000000,2021-06-30
대구광역시 북구청 정보통신과,학남로9(1),,어린이보호,35.948740000000000,128.565960000000000,2021-06-30
대구광역시 북구청 정보통신과,학남로9(2),,어린이보호,35.948740000000000,128.565960000000000,2021-06-30
대구광역시 북구청 정보통신과,학남로9(3),,어린이보호,35.948740000000000,128.565960000000000,2021-06-30
대구광역시 북구청 정보통신과,대현로21길8-9,,어린이보호,35.882790000000000,128.611530000000000,2021-06-30
대구광역시 북구청 정보통신과,매천로15길 9,,어린이보호,35.903330000000000,128.539880000000000,2021-06-30
대구광역시 북구청 정보통신과,태전동 608-36,,어린이보호,35.921790000000000,128.549910000000000,2021-06-30
대구광역시 북구청 정보통신과,매전로 50-26,,어린이보호,35.909740000000000,128.547740000000000,2021-06-30
대구광역시 북구청 정보통신과,매전로 32,,어린이보호,35.908700000000000,128.546150000000000,2021-06-30
대구광역시 북구청 정보통신과,칠곡중앙대로91길18건너편,,어린이보호,35.936570000000000,128.546890000000000,2021-06-30
대구광역시 북구청 정보통신과,칠곡중앙대로91길18,,어린이보호,35.936570000000000,128.546890000000000,2021-06-30
대구광역시 북구청 정보통신과,칠곡중앙대로99길45-26(1),,어린이보호,35.940190000000000,128.545620000000000,2021-06-30
대구광역시 북구청 정보통신과,칠곡중앙대로99길45-26(2),,어린이보호,35.940190000000000,128.545620000000000,2021-06-30
대구광역시 북구청 정보통신과,관음중앙로164(1),,어린이보호,35.944770000000000,128.550180000000000,2021-06-30
대구광역시 북구청 정보통신과,구암로21길54,,어린이보호,35.937200000000000,128.554360000000000,2021-06-30
대구광역시 북구청 정보통신과,구리로194,,어린이보호,35.948370000000000,128.576080000000000,2021-06-30
대구광역시 북구청 정보통신과,구리로194,,어린이보호,35.948370000000000,128.576080000000000,2021-06-30
대구광역시 북구청 정보통신과,구리로194,,어린이보호,35.948370000000000,128.576080000000000,2021-06-30
대구광역시 북구청 정보통신과,동변로60(동변초교건너)(1),,어린이보호,35.919130000000000,128.604220000000000,2021-06-30
대구광역시 북구청 정보통신과,호국로43길31(1),,어린이보호,35.920990000000000,128.595710000000000,2021-06-30
대구광역시 북구청 정보통신과,호국로43길31(2),,어린이보호,35.920990000000000,128.595710000000000,2021-06-30
대구광역시 북구청 정보통신과,호국로57길42(1),,어린이보호,35.926400000000000,128.594200000000000,2021-06-30
대구광역시 북구청 정보통신과,호국로57길42(2),,어린이보호,35.926400000000000,128.594200000000000,2021-06-30
대구광역시 북구청 정보통신과,조야로8길 16,,어린이보호,35.909720000000000,128.577050000000000,2021-06-30
대구광역시 북구청 정보통신과,조야로8길 16,,어린이보호,35.909720000000000,128.577050000000000,2021-06-30
대구광역시 북구청 정보통신과,칠곡중앙대로110길6,,어린이보호,35.944180000000000,128.551520000000000,2021-06-30
대구광역시 북구청 정보통신과,칠곡중앙대로544,,어린이보호,35.944120000000000,128.551120000000000,2021-06-30
대구광역시 북구청 정보통신과,학정동로23(1),,어린이보호,35.946240000000000,128.566280000000000,2021-06-30
대구광역시 북구청 정보통신과,학정동로23(2),,어린이보호,35.946240000000000,128.566280000000000,2021-06-30
대구광역시 북구청 정보통신과,학정동로42-27,,어린이보호,35.947760000000000,128.568170000000000,2021-06-30
대구광역시 북구청 정보통신과,옥산로17길37(1),,어린이보호,35.887690000000000,128.585180000000000,2021-06-30
대구광역시 북구청 정보통신과,칠성시장로23길 56,,어린이보호,35.882220000000000,128.598170000000000,2021-06-30
대구광역시 북구청 정보통신과,칠성시장로23길 56,,어린이보호,35.882220000000000,128.598170000000000,2021-06-30
대구광역시 북구청 정보통신과,침산남로32길16(1),,어린이보호,35.886550000000000,128.592250000000000,2021-06-30
대구광역시 북구청 정보통신과,침산남로32길16(2),,어린이보호,35.886550000000000,128.592250000000000,2021-06-30
대구광역시 북구청 정보통신과,성북로25(1),,어린이보호,35.891060000000000,128.585200000000000,2021-06-30
대구광역시 북구청 정보통신과,성북로25(2),,어린이보호,35.891060000000000,128.585200000000000,2021-06-30
대구광역시 북구청 정보통신과,성북로 25(3),,어린이보호,35.891060000000000,128.585200000000000,2021-06-30
대구광역시 북구청 정보통신과,노원로1길36(1),,어린이보호,35.893270000000000,128.563370000000000,2021-06-30
대구광역시 북구청 정보통신과,학정동로 42-27,,어린이보호,35.947760000000000,128.568170000000000,2021-06-30
대구광역시 북구청 정보통신과,3공단로14길 31,,어린이보호,35.894220000000000,128.563260000000000,2021-06-30
대구광역시 북구청 정보통신과,구암서로50(1),,어린이보호,35.940860000000000,128.566770000000000,2021-06-30
대구광역시 북구청 정보통신과,구암서로50(2),,어린이보호,35.940860000000000,128.566770000000000,2021-06-30
대구광역시 북구청 정보통신과,구암로22길17(1),,어린이보호,35.930560000000000,128.552030000000000,2021-06-30
대구광역시 북구청 정보통신과,구암로22길17(2),,어린이보호,35.930560000000000,128.552030000000000,2021-06-30
대구광역시 북구청 정보통신과,대동로1길39(1),,어린이보호,35.898480000000000,128.611420000000000,2021-06-30
대구광역시 북구청 정보통신과,대동로1길39(2),,어린이보호,35.898480000000000,128.611420000000000,2021-06-30
대구광역시 북구청 정보통신과,칠곡중앙대로110길6,,어린이보호,35.944180000000000,128.551520000000000,2021-06-30
대구광역시 북구청 정보통신과,연암로25길11(1),,어린이보호,35.895720000000000,128.593500000000000,2021-06-30
대구광역시 북구청 정보통신과,연암로25길24(1),,어린이보호,35.896690000000000,128.594540000000000,2021-06-30
대구광역시 북구청 정보통신과,구암로32길 22,,어린이보호,35.930020000000000,128.557430000000000,2021-06-30
대구광역시 북구청 정보통신과,학정로245,,어린이보호,35.928140000000000,128.557750000000000,2021-06-30
대구광역시 북구청 정보통신과,동천로81(1),,어린이보호,35.938940000000000,128.559840000000000,2021-06-30
대구광역시 북구청 정보통신과,동천로81(2),,어린이보호,35.938940000000000,128.559840000000000,2021-06-30
대구광역시 북구청 정보통신과,매천로187(1),,어린이보호,35.913630000000000,128.542250000000000,2021-06-30
대구광역시 북구청 정보통신과,매천로187(2),,어린이보호,35.913630000000000,128.542250000000000,2021-06-30
대구광역시 북구청 정보통신과,동천동 880번지(2),,어린이보호,35.933480000000000,128.559440000000000,2021-06-30
대구광역시 북구청 정보통신과,칠곡중앙대로52길65(1),,어린이보호,35.924350000000000,128.549830000000000,2021-06-30
대구광역시 북구청 정보통신과,칠곡중앙대로52길65(2),,어린이보호,35.924350000000000,128.549830000000000,2021-06-30
대구광역시 북구청 정보통신과,칠곡중앙대로75길16,,어린이보호,35.930240000000000,128.546020000000000,2021-06-30
대구광역시 북구청 정보통신과,칠곡중앙대로75길16,,어린이보호,35.930240000000000,128.546020000000000,2021-06-30
대구광역시 북구청 정보통신과,태전로19길1,,어린이보호,35.927760000000000,128.541630000000000,2021-06-30
대구광역시 북구청 정보통신과,태전로19길9(2),,어린이보호,35.927400000000000,128.541020000000000,2021-06-30
대구광역시 북구청 정보통신과,태전로19길9(1),,어린이보호,35.927400000000000,128.541020000000000,2021-06-30
대구광역시 북구청 정보통신과,매천로2길19-4(1),,어린이보호,35.897490000000000,128.544500000000000,2021-06-30
대구광역시 북구청 정보통신과,매천로2길19-4(2),,어린이보호,35.897490000000000,128.544500000000000,2021-06-30
대구광역시 북구청 정보통신과,대현로15길 22-1,,어린이보호,35.884900000000000,128.608860000000000,2021-06-30
대구광역시 북구청 정보통신과,학정로42길 27,,어린이보호,35.926320000000000,128.557850000000000,2021-06-30
대구광역시 북구청 정보통신과,복현로20길 73-1,,어린이보호,35.905990000000000,128.621230000000000,2021-06-30
대구광역시 북구청 정보통신과,칠곡중앙대로126길 3,,어린이보호,35.951110000000000,128.553940000000000,2021-06-30
대구광역시 북구청 정보통신과,산격로서9길 6-2,,어린이보호,35.895220000000000,128.602090000000000,2021-06-30
대구광역시 북구청 정보통신과,대학로23길 6,,어린이보호,35.894920000000000,128.611340000000000,2021-06-30
대구광역시 북구청 정보통신과,고성북로 27-18,,어린이보호,35.882670000000000,128.582010000000000,2021-06-30
대구광역시 북구청 정보통신과,노원로10길 121,,어린이보호,35.891010000000000,128.574100000000000,2021-06-30
대구광역시 북구청 정보통신과,동북로199-15,,어린이보호,35.899240000000000,128.614690000000000,2021-06-30
대구광역시 북구청 정보통신과,동북로53길 14,,어린이보호,35.894450000000000,128.620380000000000,2021-06-30
대구광역시 북구청 정보통신과,침산남로9길 82,,어린이보호,35.894190000000000,128.583320000000000,2021-06-30
대구광역시 북구청 정보통신과,복현로20길 40,,어린이보호,35.903230000000000,128.622020000000000,2021-06-30
대구광역시 북구청 정보통신과,연암공원로11길 15-7,,어린이보호,35.897140000000000,128.598890000000000,2021-06-30
대구광역시 북구청 정보통신과,침산남로 165-4,,어린이보호,35.888230000000000,128.594080000000000,2021-06-30
대구광역시 북구청 정보통신과,침산남로37길 23-2,,어린이보호,35.888650000000000,128.594670000000000,2021-06-30
대구광역시 북구청 정보통신과,매천동 649-1,,어린이보호,35.914020000000000,128.539670000000000,2021-06-30
대구광역시 북구청 정보통신과,매천로37길 36,,어린이보호,35.914420000000000,128.539230000000000,2021-06-30
대구광역시 북구청 정보통신과,학정로106길 9,,어린이보호,35.952050000000000,128.566570000000000,2021-06-30
대구광역시 북구청 정보통신과,학남로1길 28,,어린이보호,35.951190000000000,128.566510000000000,2021-06-30
대구광역시 북구청 정보통신과,칠성로 105-15,,어린이보호,35.879090000000000,128.600860000000000,2021-06-30
대구광역시 북구청 정보통신과,칠성로 101,,어린이보호,35.878720000000000,128.600330000000000,2021-06-30
대구광역시 북구청 정보통신과,대천로148(1),,어린이보호,35.935690000000000,128.565620000000000,2021-06-30
대구광역시 북구청 정보통신과,대천로148(2),,어린이보호,35.935690000000000,128.565620000000000,2021-06-30
대구광역시 북구청 정보통신과,대천로18길22-1(1),,어린이보호,35.935070000000000,128.557280000000000,2021-06-30
대구광역시 북구청 정보통신과,대천로18길22-1(2),,어린이보호,35.935070000000000,128.557280000000000,2021-06-30
대구광역시 북구청 정보통신과,동천로35,,어린이보호,35.935120000000000,128.558520000000000,2021-06-30
대구광역시 북구청 정보통신과,경진로 55,,어린이보호,35.892770000000000,128.617820000000000,2021-06-30
대구광역시 북구청 정보통신과,경진로54(2),,어린이보호,35.892590000000000,128.617640000000000,2021-06-30
대구광역시 북구청 정보통신과,경진로12길6,,어린이보호,35.892570000000000,128.617270000000000,2021-06-30
대구광역시 북구청 정보통신과,복현로36길2(1),,어린이보호,35.904890000000000,128.619290000000000,2021-06-30
대구광역시 북구청 정보통신과,복현로36길2(2),,어린이보호,35.904890000000000,128.619290000000000,2021-06-30
대구광역시 북구청 정보통신과,공항로58(1),,어린이보호,35.897600000000000,128.621530000000000,2021-06-30
대구광역시 북구청 정보통신과,공항로58(2),,어린이보호,35.897600000000000,128.621530000000000,2021-06-30
대구광역시 북구청 정보통신과,공항로58(3),,어린이보호,35.897600000000000,128.621530000000000,2021-06-30
대구광역시 북구청 정보통신과,경대로21(1),,어린이보호,35.883760000000000,128.611620000000000,2021-06-30
대구광역시 북구청 정보통신과,경대로21(2),,어린이보호,35.883760000000000,128.611620000000000,2021-06-30
대구광역시 북구청 정보통신과,대현로117-31,,어린이보호,35.882760000000000,128.611780000000000,2021-06-30
대구광역시 북구청 정보통신과,동북로71길9-45,,어린이보호,35.894080000000000,128.630280000000000,2021-06-30
대구광역시 북구청 정보통신과,산격로10길17-2(1),,어린이보호,35.895050000000000,128.607180000000000,2021-06-30
대구광역시 북구청 정보통신과,산격로10길17-2(2),,어린이보호,35.895050000000000,128.607180000000000,2021-06-30
대구광역시 북구청 정보통신과,동북로37길64,,어린이보호,35.902540000000000,128.610230000000000,2021-06-30
대구광역시 북구청 정보통신과,동북로37길58,,어린이보호,35.902280000000000,128.610630000000000,2021-06-30
대구광역시 북구청 정보통신과,중앙대로105길23(1),,어린이보호,35.880540000000000,128.593240000000000,2021-06-30
대구광역시 북구청 정보통신과,중앙대로105길23(2),,어린이보호,35.880540000000000,128.593240000000000,2021-06-30
대구광역시 북구청 정보통신과,칠성로25-22,,어린이보호,35.880530000000000,128.592600000000000,2021-06-30
대구광역시 북구청 정보통신과,호암로40(1),,어린이보호,35.881900000000000,128.593780000000000,2021-06-30
대구광역시 북구청 정보통신과,호암로40(2),,어린이보호,35.881900000000000,128.593780000000000,2021-06-30
대구광역시 북구청 정보통신과,대구광역시 북구 중앙대로114길7-22,,어린이보호,35.882445700000000,128.598022200000000,2021-06-30
대구광역시 북구청 정보통신과,복현로70-9(1),,어린이보호,35.898320000000000,128.624210000000000,2021-06-30
대구광역시 북구청 정보통신과,복현로70-9(2),,어린이보호,35.898320000000000,128.624210000000000,2021-06-30
대구광역시 북구청 정보통신과,복현로70-1,,어린이보호,35.898320000000000,128.623850000000000,2021-06-30
대구광역시 북구청 정보통신과,관음중앙로34(1),,어린이보호,35.936830000000000,128.544530000000000,2021-06-30
대구광역시 북구청 정보통신과,관음중앙로34(2),,어린이보호,35.936830000000000,128.544530000000000,2021-06-30
대구광역시 북구청 정보통신과,학정로42길46,,어린이보호,35.927030000000000,128.559500000000000,2021-06-30
대구광역시 북구청 정보통신과,학정로48길34(1),,어린이보호,35.926780000000000,128.559720000000000,2021-06-30
대구광역시 북구청 정보통신과,학정로48길34(2),,어린이보호,35.926780000000000,128.559720000000000,2021-06-30
대구광역시 북구청 정보통신과,학정로42길36,,어린이보호,35.926580000000000,128.558540000000000,2021-06-30
대구광역시 북구청 정보통신과,학정로48길7-5,,어린이보호,35.926310000000000,128.558450000000000,2021-06-30
대구광역시 북구청 정보통신과,칠곡중앙대로116길10-2,,어린이보호,35.946260000000000,128.551960000000000,2021-06-30
대구광역시 북구청 정보통신과,사수동 814,,어린이보호,35.900150000000000,128.515240000000000,2021-06-30
대구광역시 북구청 정보통신과,내곡로 123,,어린이보호,35.900980000000000,128.516770000000000,2021-06-30
대구광역시 북구청 정보통신과,사수동 792,,어린이보호,35.901600000000000,128.515540000000000,2021-06-30
대구광역시 북구청 정보통신과,사수동 792,,어린이보호,35.901600000000000,128.515540000000000,2021-06-30
대구광역시 북구청 정보통신과,칠성동2가 382-5,,어린이보호,35.881110000000000,128.597520000000000,2021-06-30
대구광역시 북구청 정보통신과,경진로 70,,어린이보호,35.891620000000000,128.618910000000000,2021-06-30
대구광역시 북구청 정보통신과,호국로51길 43,,어린이보호,35.924720000000000,128.594300000000000,2021-06-30
대구광역시 북구청 정보통신과,동북로 345,,어린이보호,35.892580000000000,128.627350000000000,2021-06-30
대구광역시 북구청 정보통신과,산격2동 437,,어린이보호,35.903750000000000,128.610320000000000,2021-06-30
대구광역시 북구청 정보통신과,구암동 772-3,,어린이보호,35.941240000000000,128.567270000000000,2021-06-30
대구광역시 북구청 정보통신과,읍내동 852,,어린이보호,35.945430000000000,128.551980000000000,2021-06-30
대구광역시 북구청 정보통신과,관음동 1340-11,,어린이보호,35.939550000000000,128.547070000000000,2021-06-30
대구광역시 북구청 정보통신과,칠곡중앙대로114길(1),,어린이보호,35.945980000000000,128.551540000000000,2021-06-30
대구광역시 북구청 정보통신과,대구광역시 북구 칠곡중앙대로114길(2),,어린이보호,35.946221600000000,128.551770900000000,2021-06-30
대구광역시 북구청 정보통신과,대천로7길53(1),,어린이보호,35.942070000000000,128.554740000000000,2021-06-30
대구광역시 북구청 정보통신과,대천로7길53(2),,어린이보호,35.942070000000000,128.554740000000000,2021-06-30
대구광역시 북구청 정보통신과,대천로7길55(1),,어린이보호,35.942430000000000,128.554720000000000,2021-06-30
대구광역시 북구청 정보통신과,대천로7길55(2),,어린이보호,35.942430000000000,128.554720000000000,2021-06-30
대구광역시 북구청 정보통신과,대천로18길1(1),,어린이보호,35.936750000000000,128.558510000000000,2021-06-30
대구광역시 북구청 정보통신과,대천로18길1(2),,어린이보호,35.936750000000000,128.558510000000000,2021-06-30
대구광역시 북구청 정보통신과,연암로25길11(2),,어린이보호,35.895720000000000,128.593500000000000,2021-06-30
대구광역시 북구청 정보통신과,성북로 25(4),,어린이보호,35.891060000000000,128.585200000000000,2021-06-30
대구광역시 북구청 정보통신과,복현로36길2,,어린이보호,35.904890000000000,128.619290000000000,2021-06-30
대구광역시 북구청 정보통신과,칠곡중앙대로75길22-3,,어린이보호,35.929620000000000,128.545300000000000,2021-06-30
대구광역시 북구청 정보통신과,동암로37길18(1),,어린이보호,35.944780000000000,128.571490000000000,2021-06-30
대구광역시 북구청 정보통신과,동암로37길 16,,어린이보호,35.944550000000000,128.571470000000000,2021-06-30
대구광역시 북구청 정보통신과,동암로21-19(1),,어린이보호,35.947480000000000,128.553590000000000,2021-06-30
대구광역시 북구청 교통과,,대구광역시 북구 서변동 1771(호국로43길 일원),교통단속,35.921106000000000,128.596832000000000,2021-06-30
대구광역시 북구청 교통과,,대구광역시 북구 칠성동2가 378-20(호암로 일원),교통단속,35.882772000000000,128.593333000000000,2021-06-30
대구광역시 북구청 교통과,,대구광역시 북구 칠성동2가 344-2(칠성로 일원),교통단속,35.879342000000000,128.596153000000000,2021-06-30
대구광역시 북구청 교통과,,대구광역시 북구 동변동 677(동변로13길 일원),교통단속,35.919510000000000,128.602228000000000,2021-06-30
대구광역시 북구청 교통과,,대구광역시 북구 구암동 713(구암로32길 일원),교통단속,35.929624000000000,128.557312000000000,2021-06-30
대구광역시 북구청 교통과,,대구광역시 북구 대현동 532(대현남로5길 일원),교통단속,35.882471000000000,128.605287000000000,2021-06-30
대구광역시 북구청 교통과,,대구광역시 북구 북구 침산동 449-19(옥산로 일원),교통단속,35.884071000000000,128.586711000000000,2021-06-30
대구광역시 북구청 교통과,,대구광역시 북구 사수동 1009(내곡로 일원),교통단속,35.901517000000000,128.513246000000000,2021-06-30
대구광역시 북구청 교통과,,대구광역시 북구 칠성동1가 73-5(칠성시장로1길 일원),교통단속,35.874366000000000,128.603478800000000,2021-06-30
대구광역시 북구청 교통과,,대구광역시 북구 침산동 317-7(침산로32길 일원),교통단속,35.890269000000000,128.592095000000000,2021-06-30
대구광역시 북구청 교통과,,대구광역시 북구 태전동 327-2(태전로 일원),교통단속,35.925507000000000,128.543349000000000,2021-06-30
대구광역시 북구청 교통과,,대구광역시 북구 대현동 536(회전교차로),교통단속,35.881458000000000,128.607292000000000,2021-06-30
대구광역시 북구청 교통과,"대구광역시 북구 칠곡중앙대로 416, 동아아울렛",,교통단속,35.933033000000000,128.549017000000000,2021-06-30
대구광역시 북구청 교통과,"대구광역시 북구 칠곡중앙대로 416, 동아아울렛",,교통단속,35.933033000000000,128.549017000000000,2021-06-30
대구광역시 북구청 교통과,"대구광역시 북구 칠곡중앙대로 412, 네오시티플라자",,교통단속,35.932303000000000,128.548886000000000,2021-06-30
대구광역시 북구청 교통과,"대구광역시 북구 칠곡중앙대로 412, 네오시티플라자",,교통단속,35.932303000000000,128.548886000000000,2021-06-30
대구광역시 북구청 교통과,"대구광역시 북구 칠곡중앙대로 416, 동아아울렛",,교통단속,35.933033000000000,128.549017000000000,2021-06-30
대구광역시 북구청 교통과,"대구광역시 북구 칠곡중앙대로 412, 네오시티플라자",,교통단속,35.932303000000000,128.548886000000000,2021-06-30
대구광역시 북구청 교통과,,대구광역시 북구 관음동 1366(칠곡중앙대로91길 일원),교통단속,35.936710000000000,128.545137000000000,2021-06-30
대구광역시 북구청 교통과,,대구광역시 북구 관음동 1379(칠곡중앙대로 일원),교통단속,35.929207000000000,128.547845000000000,2021-06-30
대구광역시 북구청 교통과,,대구광역시 북구 노원동3가 252-3(팔달로35길 일원),교통단속,35.889836570000000,128.561229200000000,2021-06-30
대구광역시 북구청 교통과,"대구광역시 북구 칠성시장로 28, 칠성시장",,교통단속,35.876822000000000,128.604469000000000,2021-06-30
대구광역시 북구청 교통과,"대구광역시 북구 칠성시장로 28, 칠성시장",,교통단속,35.876822000000000,128.604469000000000,2021-06-30
대구광역시 북구청 교통과,"대구광역시 북구 동북로 160, 산격시장 농협",,교통단속,35.899327000000000,128.610101000000000,2021-06-30
대구광역시 북구청 교통과,"대구광역시 북구 동북로 160, 산격시장 농협",,교통단속,35.899327000000000,128.610101000000000,2021-06-30
대구광역시 북구청 교통과,"대구광역시 북구 동북로 174, 산격시장 대구은행",,교통단속,35.898724000000000,128.611619000000000,2021-06-30
대구광역시 북구청 교통과,"대구광역시 북구 동북로 174, 산격시장 대구은행",,교통단속,35.898724000000000,128.611619000000000,2021-06-30
대구광역시 북구청 교통과,,"대구광역시 북구 대현동 274-17, 강남약국",교통단속,35.880786000000000,128.611979000000000,2021-06-30
대구광역시 북구청 교통과,,"대구광역시 북구 대현동 274-17, 강남약국",교통단속,35.880786000000000,128.611979000000000,2021-06-30
대구광역시 북구청 교통과,,"대구광역시 북구 대현동 274-17, 강남약국",교통단속,35.880786000000000,128.611979000000000,2021-06-30
대구광역시 북구청 교통과,"대구광역시 북구 칠성시장로 28, 칠성시장",,교통단속,35.876822000000000,128.604469000000000,2021-06-30
대구광역시 북구청 교통과,,"대구광역시 북구 태전동 1067-3, 태전동 시외버스하차장",교통단속,35.932957000000000,128.539958000000000,2021-06-30
대구광역시 북구청 교통과,,"대구광역시 북구 태전동 1067-3, 태전동 시외버스하차장",교통단속,35.932957000000000,128.539958000000000,2021-06-30
대구광역시 북구청 교통과,,"대구광역시 북구 태전동 1067-3, 태전동 시외버스하차장",교통단속,35.932957000000000,128.539958000000000,2021-06-30
대구광역시 북구청 교통과,"대구광역시 북구 칠곡중앙대로 59, 웨딩아일랜드",,교통단속,35.901386000000000,128.546545000000000,2021-06-30
대구광역시 북구청 교통과,"대구광역시 북구 동북로 234, KB은행",,교통단속,35.895785000000000,128.616823200000000,2021-06-30
대구광역시 북구청 교통과,"대구광역시 북구 동북로 234, KB은행",,교통단속,35.895785000000000,128.616823200000000,2021-06-30
대구광역시 북구청 교통과,"대구광역시 북구 동북로 234, KB은행",,교통단속,35.895785000000000,128.616823200000000,2021-06-30
대구광역시 북구청 교통과,"대구광역시 북구 동북로 270, 시티병원",,교통단속,35.893505000000000,128.619576000000000,2021-06-30
대구광역시 북구청 교통과,"대구광역시 북구 동북로 270, 시티병원",,교통단속,35.893505000000000,128.619576000000000,2021-06-30
대구광역시 북구청 교통과,"대구광역시 북구 동북로 270, 시티병원",,교통단속,35.893505000000000,128.619576000000000,2021-06-30
대구광역시 북구청 교통과,"대구광역시 북구 대현로20길 30, 대현동 동대구시장",,교통단속,35.881144000000000,128.608914000000000,2021-06-30
대구광역시 북구청 교통과,"대구광역시 북구 칠성시장로 133-3, 매일천막",,교통단속,35.885445000000000,128.600299000000000,2021-06-30
대구광역시 북구청 교통과,"대구광역시 북구 칠성시장로 133-3, 매일천막",,교통단속,35.885445000000000,128.600299000000000,2021-06-30
대구광역시 북구청 교통과,"대구광역시 북구 칠성시장로 133-3, 매일천막",,교통단속,35.885445000000000,128.600299000000000,2021-06-30
대구광역시 북구청 교통과,"대구광역시 북구 팔달로 165, 독일약국",,교통단속,35.889014000000000,128.568083000000000,2021-06-30
대구광역시 북구청 교통과,"대구광역시 북구 팔달로 165, 독일약국",,교통단속,35.889014000000000,128.568083000000000,2021-06-30
대구광역시 북구청 교통과,"대구광역시 북구 팔달로 165, 독일약국",,교통단속,35.889014000000000,128.568083000000000,2021-06-30
대구광역시 북구청 교통과,"대구광역시 북구 노원로 20, 오내과",,교통단속,35.890988000000000,128.565222400000000,2021-06-30
대구광역시 북구청 교통과,"대구광역시 북구 노원로 20, 오내과",,교통단속,35.890988000000000,128.565222400000000,2021-06-30
대구광역시 북구청 교통과,"대구광역시 북구 노원로 20, 오내과",,교통단속,35.890988000000000,128.565222400000000,2021-06-30
대구광역시 북구청 교통과,"대구광역시 북구 관음중앙로 46, 관음상가 타운",대구광역시 북구 관음동 474-4,교통단속,35.937835000000000,128.544613000000000,2021-06-30
대구광역시 북구청 교통과,"대구광역시 북구 관음중앙로 46, 관음상가 타운",대구광역시 북구 관음동 474-4,교통단속,35.937835000000000,128.544613000000000,2021-06-30
대구광역시 북구청 교통과,"대구광역시 북구 관음중앙로 46, 관음상가 타운",대구광역시 북구 관음동 474-4,교통단속,35.937835000000000,128.544613000000000,2021-06-30
대구광역시 북구청 교통과,"대구광역시 북구 침산로 154, 본죽",,교통단속,35.889958000000000,128.591009000000000,2021-06-30
대구광역시 북구청 교통과,"대구광역시 북구 침산로 154, 본죽",,교통단속,35.889958000000000,128.591009000000000,2021-06-30
대구광역시 북구청 교통과,"대구광역시 북구 침산로 154, 본죽",,교통단속,35.889958000000000,128.591009000000000,2021-06-30
대구광역시 북구청 교통과,대구광역시 북구 매전로 17(매천동 화성파크드림아파트 삼거리),,교통단속,35.909615000000000,128.543405000000000,2021-06-30
대구광역시 북구청 교통과,대구광역시 북구 매전로 17(매천동 화성파크드림아파트 삼거리),,교통단속,35.909615000000000,128.543405000000000,2021-06-30
대구광역시 북구청 교통과,대구광역시 북구 매전로 17(매천동 화성파크드림아파트 삼거리),,교통단속,35.909615000000000,128.543405000000000,2021-06-30
대구광역시 북구청 교통과,대구광역시 북구 구암로 146(구암동 농협중앙회),,교통단속,35.931547000000000,128.556428000000000,2021-06-30
대구광역시 북구청 교통과,대구광역시 북구 매전로 17(매천동 화성파크드림아파트 삼거리),,교통단속,35.909615000000000,128.543405000000000,2021-06-30
대구광역시 북구청 교통과,,대구광역시 북구 동천동 962-2(동천회전교차로),교통단속,35.943116000000000,128.558883000000000,2021-06-30
대구광역시 북구청 교통과,,대구광역시 북구 동천동 962-2(동천회전교차로),교통단속,35.943116000000000,128.558883000000000,2021-06-30
대구광역시 북구청 교통과,,대구광역시 북구 동천동 962-2(동천회전교차로),교통단속,35.943116000000000,128.558883000000000,2021-06-30
대구광역시 북구청 교통과,,대구광역시 북구 동천동 962-2(동천회전교차로),교통단속,35.943116000000000,128.558883000000000,2021-06-30
대구광역시 북구청 교통과,대구광역시 북구 대학로 83(경북대북문),대구광역시 북구 산격동 1341-2(경북대북문),교통단속,35.892796000000000,128.609225200000000,2021-06-30
대구광역시 북구청 교통과,대구광역시 북구 대학로 83(경북대북문),대구광역시 북구 산격동 1341-2(경북대북문),교통단속,35.892796000000000,128.609225200000000,2021-06-30
대구광역시 북구청 교통과,,대구광역시 북구 동천동 962-2(동천회전교차로),교통단속,35.944617000000000,128.554336000000000,2021-06-30
대구광역시 북구청 교통과,대구광역시 북구 대학로 83(경북대북문),대구광역시 북구 산격동 1341-2(경북대북문),교통단속,35.892796000000000,128.609225200000000,2021-06-30
대구광역시 북구청 교통과,,대구광역시 북구 대현동 산12-1(경북대정문),교통단속,35.885347000000000,128.615448000000000,2021-06-30
대구광역시 북구청 교통과,,대구광역시 북구 대현동 산13(경북대정문),교통단속,35.885347000000000,128.615448000000000,2021-06-30
대구광역시 북구청 교통과,,대구광역시 북구 대현동 산14-1(경북대정문),교통단속,35.885347000000000,128.615448000000000,2021-06-30
대구광역시 북구청 교통과,대구광역시 북구 칠성남로226-1(해오름식육식당),대구광역시 북구 칠성동1가 157-4(해오름식육식당),교통단속,35.875955000000000,128.604821000000000,2021-06-30
대구광역시 북구청 교통과,대구광역시 북구 칠성남로226-1(해오름식육식당),대구광역시 북구 칠성동1가 157-4(해오름식육식당),교통단속,35.875936000000000,128.604899000000000,2021-06-30
대구광역시 북구청 교통과,대구광역시 북구 칠성남로226-1(해오름식육식당),대구광역시 북구 칠성동1가 157-4(해오름식육식당),교통단속,35.875933600000000,128.604846100000000,2021-06-30
대구광역시 북구청 교통과,대구광역시 북구 칠성시장로 18-1(오륙민물수산),대구광역시 북구 칠성동1가 158-1(오륙민물수산),교통단속,35.875857000000000,128.604718200000000,2021-06-30
대구광역시 북구청 교통과,대구광역시 북구 칠성시장로 18-1(오륙민물수산),대구광역시 북구 칠성동1가 158-1(오륙민물수산),교통단속,35.875868000000000,128.604718200000000,2021-06-30
대구광역시 북구청 교통과,대구광역시 북구 칠성시장로 18-1(오륙민물수산),대구광역시 북구 칠성동1가 158-1(오륙민물수산),교통단속,35.875831000000000,128.604718200000000,2021-06-30
대구광역시 북구청 교통과,대구광역시 북구 칠성시장로 37(거창식당),,교통단속,35.877224700000000,128.603329800000000,2021-06-30
대구광역시 북구청 교통과,대구광역시 북구 칠성시장로 39(거창식당),,교통단속,35.877475100000000,128.603174500000000,2021-06-30
대구광역시 북구청 교통과,대구광역시 북구 칠성시장로 39(거창식당),,교통단속,35.877475000000000,128.603127000000000,2021-06-30
대구광역시 북구청 교통과,대구광역시 북구 칠성시장로 41(거창식당),,교통단속,35.877561500000000,128.603036700000000,2021-06-30
대구광역시 북구청 교통과,,대구광역시 북구 산격동 1499-1(대학로13길 인근),교통단속,35.894760000000000,128.607656000000000,2021-06-30
대구광역시 북구청 교통과,,대구광역시 북구 산격동 1499-1(대학로15길 인근),교통단속,35.893450000000000,128.608200000000000,2021-06-30
대구광역시 북구청 교통과,대구광역시 북구 대현로 17,대구광역시 북구 대현동 230-2,교통단속,35.886504100000000,128.602711300000000,2021-06-30
대구광역시 북구청 교통과,"대구광역시 북구 대학로17길1, 파리바게트 북문점",,교통단속,35.892472000000000,128.608659300000000,2021-06-30
대구광역시 북구청 교통과,,대구광역시 북구 산격동 1499(대학로23길 인근),교통단속,35.894208000000000,128.609923000000000,2021-06-30
대구광역시 북구청 교통과,"대구광역시 북구 침산로 158,침산건영하이츠",,교통단속,35.890451200000000,128.591236100000000,2021-06-30
대구광역시 북구청 교통과,,대구광역시 북구 복현동 623(경진로 일원),교통단속,35.893264550000000,128.617059800000000,2021-06-30
대구광역시 북구청 교통과,"대구광역시 북구 칠곡중앙대로 59, 웨딩아일랜드",,교통단속,35.901386000000000,128.546545000000000,2021-06-30
대구광역시 북구청 교통과,"대구광역시 북구 칠곡중앙대로 59, 웨딩아일랜드",,교통단속,35.901386000000000,128.546545000000000,2021-06-30
대구광역시 북구청 교통과,대구광역시 북구 호국로 807,,교통단속,35.956164400000000,128.563114200000000,2021-06-30
대구광역시 북구청 교통과,대구광역시 북구 동암로 128,,교통단속,35.943710700000000,128.562428100000000,2021-06-30
대구광역시 북구청 교통과,대구광역시 북구 동암로 90,,교통단속,35.944106500000000,128.558156900000000,2021-06-30
대구광역시 북구청 교통과,대구광역시 북구 매전로4길 9 (매천휴먼시아2단지) 앞 삼거리,,교통단속,35.907359100000000,128.542713100000000,2021-06-30
대구광역시 북구청 교통과,대구광역시 북구 구암로 232,,교통단속,35.932059600000000,128.564123900000000,2021-06-30
대구광역시 북구청 교통과,대구광역시 북구 호국로57길 42,,교통단속,35.926330300000000,128.592022700000000,2021-06-30
대구광역시 북구청 교통과,대구광역시 북구 관음로 295,,교통단속,35.939478700000000,128.532211900000000,2021-06-30
대구광역시 북구청 교통과,대구광역시 북구 내곡로 81 (부광빌딩) 건너,,교통단속,35.901546000000000,128.513245000000000,2021-06-30
대구광역시 북구청 교통과,대구광역시 북구 호국로43길 35,,교통단속,35.919906600000000,128.595443100000000,2021-06-30
대구광역시 북구청 교통과,"대구광역시 북구 영송로 15, 대구보건대학교",,교통단속,35.927681000000000,128.543564000000000,2021-06-30
대구광역시 북구청 교통과,"대구광역시 북구 영송로 15, 대구보건대학교",,교통단속,35.927681000000000,128.543564000000000,2021-06-30
대구광역시 북구청 교통과,"대구광역시 북구 영송로 15, 대구보건대학교",,교통단속,35.927681000000000,128.543564000000000,2021-06-30
대구광역시 북구청 교통과,"대구광역시 북구 팔달로 147, 엠병원",,교통단속,35.889402000000000,128.566226000000000,2021-06-30
대구광역시 북구청 교통과,"대구광역시 북구 팔달로 147, 엠병원",,교통단속,35.889402000000000,128.566226000000000,2021-06-30
대구광역시 북구청 교통과,"대구광역시 북구 팔달로 147, 엠병원",,교통단속,35.889402000000000,128.566226000000000,2021-06-30
대구광역시 북구청 교통과,"대구광역시 북구 동북로 160, 산격시장 농협",,교통단속,35.899327000000000,128.610101000000000,2021-06-30
대구광역시 북구청 교통과,"대구광역시 북구 동북로 174, 산격시장 대구은행",,교통단속,35.898724000000000,128.611619000000000,2021-06-30
대구광역시 북구청 교통과,"대구광역시 북구 검단로 115, 유성아파트",,교통단속,35.907778000000000,128.619917000000000,2021-06-30
대구광역시 북구청 교통과,"대구광역시 북구 검단로 115, 유성아파트",,교통단속,35.907778000000000,128.619917000000000,2021-06-30
대구광역시 북구청 교통과,"대구광역시 북구 검단로 115, 유성아파트",,교통단속,35.907778000000000,128.619917000000000,2021-06-30
대구광역시 북구청 교통과,"대구광역시 북구 대현로20길 30, 대현동 동대구시장",대구광역시 북구 대현동 390,교통단속,35.881144000000000,128.608914000000000,2021-06-30
대구광역시 북구청 교통과,"대구광역시 북구 대현로20길 30, 대현동 동대구시장",대구광역시 북구 대현동 390,교통단속,35.881144000000000,128.608914000000000,2021-06-30
대구광역시 북구청 교통과,"대구광역시 북구 학정로 429, 참약국",,교통단속,35.943089000000000,128.563203000000000,2021-06-30
대구광역시 북구청 교통과,"대구광역시 북구 학정로 429, 참약국",,교통단속,35.943089000000000,128.563203000000000,2021-06-30
대구광역시 북구청 교통과,"대구광역시 북구 학정로 429, 참약국",,교통단속,35.943089000000000,128.563203000000000,2021-06-30
대구광역시 북구청 교통과,"대구광역시 북구 구암로32길 6-20(구암동), 대구은행",,교통단속,35.931306000000000,128.555983000000000,2021-06-30
대구광역시 북구청 교통과,"대구광역시 북구 구암로32길 6-20(구암동), 대구은행",,교통단속,35.931306000000000,128.555983000000000,2021-06-30
대구광역시 북구청 교통과,"대구광역시 북구 구암로32길 6-20(구암동), 대구은행",,교통단속,35.931306000000000,128.555983000000000,2021-06-30
대구광역시 북구청 교통과,"대구광역시 북구 동암로 102, 동신빌딩",,교통단속,35.944022000000000,128.562035000000000,2021-06-30
대구광역시 북구청 교통과,"대구광역시 북구 동암로 102, 동신빌딩",,교통단속,35.944022000000000,128.562035000000000,2021-06-30
대구광역시 북구청 교통과,"대구광역시 북구 동암로 102, 동신빌딩",,교통단속,35.944022000000000,128.562035000000000,2021-06-30
대구광역시 북구청 교통과,"대구광역시 북구 학정로 427, 신한은행",,교통단속,35.942755000000000,128.563156000000000,2021-06-30
대구광역시 북구청 교통과,"대구광역시 북구 학정로 427, 신한은행",,교통단속,35.942755000000000,128.563156000000000,2021-06-30
대구광역시 북구청 교통과,"대구광역시 북구 학정로 427, 신한은행",,교통단속,35.942755000000000,128.563156000000000,2021-06-30
대구광역시 북구청 교통과,"대구광역시 북구 칠곡중앙대로 443, 한영빌딩, 한영정형외과",,교통단속,35.935351000000000,128.548561400000000,2021-06-30
대구광역시 북구청 교통과,"대구광역시 북구 칠곡중앙대로 443, 한영빌딩, 한영정형외과",,교통단속,35.935351000000000,128.548561400000000,2021-06-30
대구광역시 북구청 교통과,"대구광역시 북구 칠곡중앙대로 443, 한영빌딩, 한영정형외과",,교통단속,35.935351000000000,128.548561400000000,2021-06-30
대구광역시 북구청 교통과,"대구광역시 북구 호국로 215, 행운보석",,교통단속,35.920852000000000,128.598803000000000,2021-06-30
대구광역시 북구청 교통과,"대구광역시 북구 호국로 215, 행운보석",,교통단속,35.920852000000000,128.598803000000000,2021-06-30
대구광역시 북구청 교통과,"대구광역시 북구 호국로 215, 행운보석",,교통단속,35.920852000000000,128.598803000000000,2021-06-30
대구광역시 북구청 교통과,"대구광역시 북구 대학로 83, 경북대북문",,교통단속,35.892796000000000,128.609225000000000,2021-06-30
대구광역시 북구청 교통과,"대구광역시 북구 대학로 83, 경북대북문",,교통단속,35.892796000000000,128.609225000000000,2021-06-30
대구광역시 북구청 교통과,"대구광역시 북구 대학로 83, 경북대북문",,교통단속,35.892796000000000,128.609225000000000,2021-06-30
대구광역시 북구청 교통과,,"대구광역시 북구 칠성동2가 302-94, 칠성공영주차장(구. 남일상회)",교통단속,35.876719790000000,128.594676100000000,2021-06-30
대구광역시 북구청 교통과,,"대구광역시 북구 칠성동2가 302-94, 칠성공영주차장(구. 남일상회)",교통단속,35.876719790000000,128.594676100000000,2021-06-30
대구광역시 북구청 교통과,,"대구광역시 북구 칠성동2가 302-94, 칠성공영주차장(구. 남일상회)",교통단속,35.876719790000000,128.594676100000000,2021-06-30
대구광역시 북구청 교통과,"대구광역시 북구 팔거천동로 80-1, 세종학원",,교통단속,35.931427000000000,128.555305000000000,2021-06-30
대구광역시 북구청 교통과,"대구광역시 북구 팔거천동로 80-1, 세종학원",,교통단속,35.931427000000000,128.555305000000000,2021-06-30
대구광역시 북구청 교통과,"대구광역시 북구 팔거천동로 80-1, 세종학원",,교통단속,35.931427000000000,128.555305000000000,2021-06-30
대구광역시 북구청 교통과,"대구광역시 북구 태암남로 1, 원대새마을금고",,교통단속,35.925747000000000,128.547622000000000,2021-06-30
대구광역시 북구청 교통과,"대구광역시 북구 태암남로 1, 원대새마을금고",,교통단속,35.925747000000000,128.547622000000000,2021-06-30
대구광역시 북구청 교통과,"대구광역시 북구 태암남로 1, 원대새마을금고",,교통단속,35.925747000000000,128.547622000000000,2021-06-30
대구광역시 북구청 교통과,"대구광역시 북구 매천로 63(팔달동), 수산시장",,교통단속,35.902167000000000,128.539954200000000,2021-06-30
대구광역시 북구청 교통과,"대구광역시 북구 매천로 63(팔달동), 수산시장",,교통단속,35.902167000000000,128.539954200000000,2021-06-30
대구광역시 북구청 교통과,"대구광역시 북구 매천로 63(팔달동), 수산시장",,교통단속,35.902167000000000,128.539954200000000,2021-06-30
대구광역시 북구청 교통과,"대구광역시 북구 매천로18길 34, 농산물도매시장 1문",,교통단속,35.902817000000000,128.543042000000000,2021-06-30
대구광역시 북구청 교통과,"대구광역시 북구 매천로18길 34, 농산물도매시장 1문",,교통단속,35.902817000000000,128.543042000000000,2021-06-30
대구광역시 북구청 교통과,"대구광역시 북구 매천로18길 34, 농산물도매시장 1문",,교통단속,35.902817000000000,128.543042000000000,2021-06-30
대구광역시 북구청 교통과,"대구광역시 북구 매천로18길 34, 농산물도매시장 3문",,교통단속,35.902817000000000,128.543042000000000,2021-06-30
대구광역시 북구청 교통과,"대구광역시 북구 매천로18길 34, 농산물도매시장 3문",,교통단속,35.902817000000000,128.543042000000000,2021-06-30
대구광역시 북구청 교통과,"대구광역시 북구 매천로18길 34, 농산물도매시장 3문",,교통단속,35.902817000000000,128.543042000000000,2021-06-30
대구광역시 북구청 교통과,대구광역시 북구 구암로 146(구암동 농협중앙회),,교통단속,35.931547000000000,128.556428000000000,2021-06-30
대구광역시 북구청 교통과,대구광역시 북구 구암로 146(구암동 농협중앙회),,교통단속,35.931547000000000,128.556428000000000,2021-06-30
