鉴锅,林家,刮盔惯积穿利扒荐,2018斥 刮盔惯积扒荐,2019斥 刮盔惯积扒荐,2020斥 刮盔惯积扒荐,2021斥 刮盔惯积扒荐,泅厘沥焊,版档,困档,
1,措备堡开矫 合备 汗泅悼 623,1830,451,289,873,217,1.png,35.896745,128.612928,
2,措备堡开矫 合备 汗泅悼 623,1830,451,289,873,217,2.png,35.893837,128.617881,
3,措备堡开矫 合备 汗泅悼 623,1830,451,289,873,217,3.png,35.893787,128.61713,
4,措备堡开矫 合备 汗泅悼 623,1830,451,289,873,217,4.png,35.894239,128.616575,
5,措备堡开矫 合备 汗泅悼 623,1830,451,289,873,217,5.png,35.892781,128.623307,
6,措备堡开矫 合备 汗泅悼 623,1830,451,289,873,217,6.png,35.893227,128.619483,
7,措备堡开矫 合备 汗泅悼 623,1830,451,289,873,217,7.png,35.893665,128.618886,
8,措备堡开矫 合备 汗泅悼 623,1830,451,289,873,217,8.png,35.892835,128.619959,
9,措备堡开矫 合备 汗泅悼 623,1830,451,289,873,217,9.png,35.892416,128.620438,
10,措备堡开矫 合备 汗泅悼 623,1830,451,289,873,217,10.png,35.894126,128.614196,
11,措备堡开矫 合备 汗泅悼 623,1830,451,289,873,217,11.png,35.894487,128.61403,
12,措备堡开矫 合备 汗泅悼 623,1830,451,289,873,217,12.png,35.895082,128.613944,
13,措备堡开矫 合备 汗泅悼 623,1830,451,289,873,217,13.png,35.894847,128.614438,
14,措备堡开矫 合备 汗泅悼 623,1830,451,289,873,217,14.png,35.894108,128.614937,
15,措备堡开矫 合备 汗泅悼 623,1830,451,289,873,217,15.png,35.892607,128.618594,
16,措备堡开矫 合备 汗泅悼 623,1830,451,289,873,217,16.png,35.891903,128.618677,
17,措备堡开矫 合备 汗泅悼 623,1830,451,289,873,217,17.png,35.891649,128.619034,
18,措备堡开矫 合备 汗泅悼 623,1830,451,289,873,217,18.png,35.892261,128.61708,
19,措备堡开矫 合备 汗泅悼 623,1830,451,289,873,217,19.png,35.892704,128.617681,
20,措备堡开矫 合备 汗泅悼 623,1830,451,289,873,217,20.png,35.892714,128.618466,
21,措备堡开矫 合备 备鞠悼 835-1,594,0,204,276,114,21.png,35.934713,128.566219,
22,措备堡开矫 合备 备鞠悼 835-1,594,0,204,276,114,22.png,35.934963,128.566316,
23,措备堡开矫 合备 备鞠悼 835-1,594,0,204,276,114,23.png,35.935289,128.566324,
24,措备堡开矫 合备 备鞠悼 835-1,594,0,204,276,114,24.png,35.93566,128.566445,
25,措备堡开矫 合备 备鞠悼 835-1,594,0,204,276,114,25.png,35.936404,128.566721,
26,措备堡开矫 合备 备鞠悼 835-1,594,0,204,276,114,26.png,35.936821,128.567024,
27,措备堡开矫 合备 辑函悼 1726,678,0,190,306,182,27.png,35.927281,128.596929,
28,措备堡开矫 合备 辑函悼 1726,678,0,190,306,182,28.png,35.925949,128.59687,
29,措备堡开矫 合备 辑函悼 1726,678,0,190,306,182,29.png,35.924948,128.59676,
30,措备堡开矫 合备 辑函悼 1726,678,0,190,306,182,30.png,35.924274,128.596782,
31,措备堡开矫 合备 辑函悼 1726,678,0,190,306,182,31.png,35.923301,128.596739,
32,措备堡开矫 合备 辑函悼 1726,678,0,190,306,182,32.png,35.920632,128.596644,
33,措备堡开矫 合备 魂拜悼 1485,330,189,0,0,141,33.png,35.900225,128.606013,
34,措备堡开矫 合备 魂拜悼 1485,330,189,0,0,141,34.png,35.900605,128.60647,
35,措备堡开矫 合备 魂拜悼 1485,330,189,0,0,141,35.png,35.899931,128.606357,
36,措备堡开矫 合备 魂拜悼 1485,330,189,0,0,141,36.png,35.899727,128.605678,
37,措备堡开矫 合备 魂拜悼 1485,330,189,0,0,141,37.png,35.900724,128.606566,
38,措备堡开矫 合备 魂拜悼 1485,330,189,0,0,141,38.png,35.897765,128.605296,
39,措备堡开矫 合备 魂拜悼 1485,330,189,0,0,141,39.png,35.897373,128.603557,
40,措备堡开矫 合备 魂拜悼 1485,330,189,0,0,141,40.png,35.89786,128.605376,
41,措备堡开矫 合备 魂拜悼 1485,330,189,0,0,141,41.png,35.897352,128.609567,
42,措备堡开矫 合备 魂拜悼 1485,330,189,0,0,141,42.png,35.897183,128.608376,
43,措备堡开矫 合备 魂拜悼 1485,330,189,0,0,141,43.png,35.896683,128.607722,
44,措备堡开矫 合备 魂拜悼 1485,330,189,0,0,141,44.png,35.897539,128.607819,
45,措备堡开矫 合备 魂拜悼 1485,330,189,0,0,141,45.png,35.898,128.608087,
46,措备堡开矫 合备 魂拜悼 1485,330,189,0,0,141,46.png,35.897928,128.612946,
47,措备堡开矫 合备 魂拜悼 1485,330,189,0,0,141,47.png,35.896822,128.609541,
48,措备堡开矫 合备 悼玫悼 961-1,621,0,518,0,103,48.png,35.942972,128.557021,
49,措备堡开矫 合备 悼玫悼 961-1,621,0,518,0,103,49.png,35.942476,128.557352,
50,措备堡开矫 合备 悼玫悼 961-1,621,0,518,0,103,50.png,35.943032,128.557475,
51,措备堡开矫 合备 悼玫悼 961-1,621,0,518,0,103,51.png,35.943853,128.557679,
52,措备堡开矫 合备 悼玫悼 960-2,448,0,158,290,0,52.png,35.942142,128.558547,
53,措备堡开矫 合备 悼玫悼 960-2,448,0,158,290,0,53.png,35.94199,128.559942,
54,措备堡开矫 合备 悼玫悼 960-2,448,0,158,290,0,54.png,35.941825,128.561181,
55,措备堡开矫 合备 畴盔悼3啊 252-3,931,0,0,546,385,55.png,35.891933,128.554846,
56,措备堡开矫 合备 畴盔悼3啊 252-3,931,0,0,546,385,56.png,35.891267,128.556433,
57,措备堡开矫 合备 畴盔悼3啊 252-3,931,0,0,546,385,57.png,35.89254,128.556889,
58,措备堡开矫 合备 畴盔悼3啊 252-3,931,0,0,546,385,58.png,35.892136,128.557602,
59,措备堡开矫 合备 畴盔悼3啊 252-3,931,0,0,546,385,59.png,35.89251,128.558514,
60,措备堡开矫 合备 畴盔悼3啊 252-3,931,0,0,546,385,60.png,35.892241,128.558997,
61,措备堡开矫 合备 畴盔悼3啊 252-3,931,0,0,546,385,61.png,35.891685,128.559169,
62,措备堡开矫 合备 畴盔悼3啊 252-3,931,0,0,546,385,62.png,35.89208,128.559995,
63,措备堡开矫 合备 畴盔悼3啊 252-3,931,0,0,546,385,63.png,35.890963,128.558702,
64,措备堡开矫 合备 畴盔悼3啊 252-3,931,0,0,546,385,64.png,35.893241,128.564226,
65,措备堡开矫 合备 畴盔悼3啊 252-3,931,0,0,546,385,65.png,35.893563,128.565503,
66,措备堡开矫 合备 畴盔悼3啊 252-3,931,0,0,546,385,66.png,35.894137,128.564709,
67,措备堡开矫 合备 畴盔悼3啊 252-3,931,0,0,546,385,67.png,35.892431,128.56355,
68,措备堡开矫 合备 畴盔悼3啊 1230,846,0,0,357,489,68.png,35.890811,128.565998,
69,措备堡开矫 合备 畴盔悼3啊 1230,846,0,0,357,489,69.png,35.891432,128.567057,
70,措备堡开矫 合备 畴盔悼3啊 1230,846,0,0,357,489,70.png,35.890034,128.567172,
71,措备堡开矫 合备 畴盔悼3啊 1230,846,0,0,357,489,71.png,35.889236,128.569468,
72,措备堡开矫 合备 畴盔悼3啊 1230,846,0,0,357,489,72.png,35.890012,128.569894,
73,措备堡开矫 合备 畴盔悼2啊 1,468,0,0,242,226,73.png,35.890775,128.571397,
74,措备堡开矫 合备 畴盔悼2啊 1,468,0,0,242,226,74.png,35.889087,128.571029,
75,措备堡开矫 合备 畴盔悼2啊 1,468,0,0,242,226,75.png,35.892581,128.572134,
76,措备堡开矫 合备 畴盔悼2啊 1,468,0,0,242,226,76.png,35.893008,128.575251,
77,措备堡开矫 合备 畴盔悼2啊 1,468,0,0,242,226,77.png,35.891919,128.57516,
78,措备堡开矫 合备 畴盔悼2啊 1,468,0,0,242,226,78.png,35.892374,128.575844,
79,措备堡开矫 合备 畴盔悼2啊 1,468,0,0,242,226,79.png,35.892705,128.571599,
80,措备堡开矫 合备 畴盔悼2啊 1,468,0,0,242,226,80.png,35.889909,128.57244,
81,措备堡开矫 合备 措泅悼 527,161,161,0,0,0,81.png,35.88038,128.604777,
82,措备堡开矫 合备 措泅悼 527,161,161,0,0,0,82.png,35.879987,128.604978,
83,措备堡开矫 合备 措泅悼 527,161,161,0,0,0,83.png,35.879361,128.605418,
84,措备堡开矫 合备 措泅悼 527,161,161,0,0,0,84.png,35.879213,128.606158,
85,措备堡开矫 合备 措泅悼 527,161,161,0,0,0,85.png,35.879569,128.606963,
86,措备堡开矫 合备 悼函悼 682,128,128,0,0,0,86.png,35.914864,128.601195,
87,措备堡开矫 合备 悼函悼 682,128,128,0,0,0,87.png,35.915393,128.604172,
88,措备堡开矫 合备 畴盔悼3啊 1022,88,88,0,0,0,88.png,35.892219,128.56984,
89,措备堡开矫 合备 畴盔悼3啊 1022,88,88,0,0,0,89.png,35.891741,128.570108,
90,措备堡开矫 合备 畴盔悼3啊 1022,88,88,0,0,0,90.png,35.891956,128.570526,
91,措备堡开矫 合备 魂拜悼 1628,72,72,0,0,0,91.png,35.905679,128.606648,
92,措备堡开矫 合备 魂拜悼 1628,72,72,0,0,0,92.png,35.906757,128.608976,
93,措备堡开矫 合备 魂拜悼 1628,72,72,0,0,0,93.png,35.906757,128.608976,
94,措备堡开矫 合备 切沥悼 952,64,64,0,0,0,94.png,35.954155,128.564725,
95,措备堡开矫 合备 切沥悼 952,64,64,0,0,0,95.png,35.954528,128.565024,
96,措备堡开矫 合备 切沥悼 952,64,64,0,0,0,96.png,35.954237,128.565249,
97,措备堡开矫 合备 魂拜悼 1258,62,62,0,0,0,97.png,35.898583,128.609953,
98,措备堡开矫 合备 魂拜悼 1258,62,62,0,0,0,98.png,35.898194,128.610347,
99,措备堡开矫 合备 悼函悼 681,57,57,0,0,0,99.png,35.921144,128.601739,
100,措备堡开矫 合备 悼函悼 681,57,57,0,0,0,100.png,35.920345,128.603584,
101,措备堡开矫 合备 悼函悼 681,57,57,0,0,0,101.png,35.918364,128.603691,
102,措备堡开矫 合备 悼函悼 681,57,57,0,0,0,102.png,35.916009,128.603788,
103,措备堡开矫 合备 怕傈悼 1106-1,289,0,289,0,0,103.png,35.912994,128.546818,
104,措备堡开矫 合备 怕傈悼 1106-1,289,0,289,0,0,104.png,35.913009,128.547695,
105,措备堡开矫 合备 怕傈悼 1106-1,289,0,289,0,0,105.png,35.91249,128.547864,
106,措备堡开矫 合备 怕傈悼 1106-1,289,0,289,0,0,106.png,35.912099,128.547215,
107,措备堡开矫 合备 怕傈悼 1106-1,289,0,289,0,0,107.png,35.912531,128.547108,
108,措备堡开矫 合备 谰郴悼 1350,211,0,211,0,0,108.png,35.937644,128.555315,
109,措备堡开矫 合备 谰郴悼 1350,211,0,211,0,0,109.png,35.938629,128.55601,
110,措备堡开矫 合备 谰郴悼 1350,211,0,211,0,0,110.png,35.940008,128.556672,
111,措备堡开矫 合备 谰郴悼 1350,211,0,211,0,0,111.png,35.941849,128.555985,
112,措备堡开矫 合备 魂拜悼 172-5,193,0,193,0,0,112.png,35.905733,128.613806,
113,措备堡开矫 合备 魂拜悼 172-5,193,0,193,0,0,113.png,35.904807,128.613676,
114,措备堡开矫 合备 魂拜悼 172-5,193,0,193,0,0,114.png,35.903994,128.613579,
115,措备堡开矫 合备 魂拜悼 172-5,193,0,193,0,0,115.png,35.902934,128.613536,
116,措备堡开矫 合备 魂拜悼 172-5,193,0,193,0,0,116.png,35.902343,128.6141,
117,措备堡开矫 合备 魂拜悼 172-5,193,0,193,0,0,117.png,35.901409,128.614842,
118,措备堡开矫 合备 悼玫悼 962-1,180,0,180,0,0,118.png,35.943652,128.558983,
119,措备堡开矫 合备 悼玫悼 962-1,180,0,180,0,0,119.png,35.943742,128.560185,
120,措备堡开矫 合备 悼玫悼 962-1,180,0,180,0,0,120.png,35.943073,128.560115,
121,措备堡开矫 合备 悼玫悼 962-1,180,0,180,0,0,121.png,35.943334,128.558897,
122,措备堡开矫 合备 备鞠悼 716,268,0,0,268,0,122.png,35.928501,128.55288,
123,措备堡开矫 合备 备鞠悼 716,268,0,0,268,0,123.png,35.929187,128.55334,
124,措备堡开矫 合备 备鞠悼 716,268,0,0,268,0,124.png,35.930403,128.554129,
125,措备堡开矫 合备 备鞠悼 716,268,0,0,268,0,125.png,35.931467,128.554816,
126,措备堡开矫 合备 备鞠悼 716,268,0,0,268,0,126.png,35.933716,128.55577,
127,措备堡开矫 合备 汗泅悼 37,254,0,0,254,0,127.png,35.904491,128.620546,
128,措备堡开矫 合备 汗泅悼 37,254,0,0,254,0,128.png,35.904891,128.62013,
129,措备堡开矫 合备 汗泅悼 37,254,0,0,254,0,129.png,35.904118,128.620087,
130,措备堡开矫 合备 备鞠悼 714,252,0,0,252,0,130.png,35.928266,128.553562,
131,措备堡开矫 合备 备鞠悼 714,252,0,0,252,0,131.png,35.927962,128.555482,
132,措备堡开矫 合备 备鞠悼 714,252,0,0,252,0,132.png,35.926946,128.556598,
133,措备堡开矫 合备 辑函悼 1771,138,0,0,0,138,133.png,35.924418,128.597681,
134,措备堡开矫 合备 辑函悼 1771,138,0,0,0,138,134.png,35.923697,128.598421,
135,措备堡开矫 合备 辑函悼 1771,138,0,0,0,138,135.png,35.922203,128.598432,
136,措备堡开矫 合备 辑函悼 1771,138,0,0,0,138,136.png,35.921256,128.598453,
137,措备堡开矫 合备 魂拜悼 1499-1,136,0,0,0,136,137.png,35.895534,128.606552,
138,措备堡开矫 合备 魂拜悼 1499-1,136,0,0,0,136,138.png,35.894947,128.606209,
139,措备堡开矫 合备 魂拜悼 1499-1,136,0,0,0,136,139.png,35.894378,128.607684,
140,措备堡开矫 合备 魂拜悼 1499-1,136,0,0,0,136,140.png,35.893617,128.608655,
141,措备堡开矫 合备 魂拜悼 1499-1,136,0,0,0,136,141.png,35.893056,128.607067,
142,措备堡开矫 合备 魂拜悼 1499-1,136,0,0,0,136,142.png,35.893317,128.605908,
