시도명,시군구명,시군구코드,도로명,상세위치,지정방향구분코드,금지구역총연장,주정차금지유형코드,평일주정차금지시작시각,평일주정차금지종료시각,일시적주정차허용시작시각(평일),일시적주정차허용종료시각(평일),토요일주정차금지시작시각,토요일주정차금지종료시각,일시적주정차허용시작시각(토요일),일시적주정차허용종료시각(토요일),공휴일주정차금지시작시각,공휴일주정차금지종료시각,일시적주정차허용시작시각(공휴일),일시적주정차허용종료시각(공휴일),명절허용여부,시행일자,해제일자,관리기관명,관리기관전화번호,데이터기준일자
대구광역시,달성군,27710,화원로,달성축협~구라리지하도교차로,01,0.4,01,07:30,21:00,,,07:30,21:00,,,00:00,00:00,,,N,2019-09-20,,대구광역시 달성군청,053-668-3023,2026-06-24
대구광역시,달성군,27710,사문진로,화원삼거리~ 사문진교,01,2,01,07:30,21:00,,,07:30,21:00,,,00:00,00:00,,,N,2019-09-20,,대구광역시 달성군청,053-668-3023,2026-06-24
대구광역시,달성군,27710,비슬로,대곡역~한정교,01,26,01,07:30,21:00,,,07:30,21:00,,,00:00,00:00,,,Y,2019-09-20,,대구광역시 달성군청,053-668-3023,2026-06-24
대구광역시,달성군,27710,명천로,대곡성당~대곡역,01,0.4,01,07:30,21:00,,,07:30,21:00,,,00:00,00:00,,,N,2019-09-20,,대구광역시 달성군청,053-668-3023,2026-06-24
대구광역시,달성군,27710,화암로,설화명곡역~대곡역그린빌,01,3.2,01,07:30,21:00,,,07:30,21:00,,,00:00,00:00,,,N,2019-09-20,,대구광역시 달성군청,053-668-3023,2026-06-24
대구광역시,달성군,27710,성암로,화원중학교~소백산왕소금구이,01,0.2,01,07:30,21:00,,,07:30,21:00,,,00:00,00:00,,,N,2019-09-20,,대구광역시 달성군청,053-668-3023,2026-06-24
대구광역시,달성군,27710,성화로,화원톨게이트~ 달성중학교,01,2,01,07:30,21:00,,,07:30,21:00,,,00:00,00:00,,,N,2019-09-20,,대구광역시 달성군청,053-668-3023,2026-06-24
대구광역시,달성군,27710,성천로,설화명곡역~진천천1교,01,2.5,01,07:30,21:00,,,07:30,21:00,,,00:00,00:00,,,N,2019-09-20,,대구광역시 달성군청,053-668-3023,2026-06-24
대구광역시,달성군,27710,돌미상업로,옥포지하차도~대성베르힐4단지,01,0.2,01,07:30,21:00,,,07:30,21:00,,,00:00,00:00,,,N,2019-09-20,,대구광역시 달성군청,053-668-3023,2026-06-24
대구광역시,달성군,27710,돌미로,강림초등학교~달성군농업기술센터,01,1.6,01,07:30,21:00,,,07:30,21:00,,,00:00,00:00,,,N,2019-09-20,,대구광역시 달성군청,053-668-3023,2026-06-24
대구광역시,달성군,27710,금강로,옥포엘에치2단지~금포1교,01,1.4,01,07:30,21:00,,,07:30,21:00,,,00:00,00:00,,,N,2019-09-20,,대구광역시 달성군청,053-668-3023,2026-06-24
대구광역시,달성군,27710,대구광역시 달성군청로,K2대구광역시 달성군청점~우신마가뷰,01,0.7,01,07:30,21:00,,,07:30,21:00,,,00:00,00:00,,,N,2019-09-20,,대구광역시 달성군청,053-668-3023,2026-06-24
대구광역시,달성군,27710,금포로,논공교~우신미가뷰,01,1.4,01,07:30,21:00,,,07:30,21:00,,,00:00,00:00,,,N,2019-09-20,,대구광역시 달성군청,053-668-3023,2026-06-24
대구광역시,달성군,27710,논공로,논공삼거리~동아제약달성공장~현풍추어탕,01,8.8,01,07:30,21:00,,,07:30,21:00,,,00:00,00:00,,,N,2019-09-20,,대구광역시 달성군청,053-668-3023,2026-06-24
대구광역시,달성군,27710,논공중앙로,현풍중앙로~달성육교,01,4.5,01,07:30,21:00,,,07:30,21:00,,,00:00,00:00,,,N,2019-09-20,,대구광역시 달성군청,053-668-3023,2026-06-24
대구광역시,달성군,27710,현풍동로,달성스포츠파크~달성경찰서,01,2,01,07:30,21:00,,,07:30,21:00,,,00:00,00:00,,,N,2019-09-20,,대구광역시 달성군청,053-668-3023,2026-06-24
대구광역시,달성군,27710,현풍중앙로,포산고사거리~달성스포츠파크,01,1.5,01,07:30,21:00,,,07:30,21:00,,,00:00,00:00,,,N,2019-09-20,,대구광역시 달성군청,053-668-3023,2026-06-24
대구광역시,달성군,27710,현풍로,현풍3교~ 산성지하차도,01,2.6,01,07:30,21:00,,,07:30,21:00,,,00:00,00:00,,,N,2019-09-20,,대구광역시 달성군청,053-668-3023,2026-06-24
대구광역시,달성군,27710,테크노중앙대로,유곡1교~디지스트,01,3.2,01,07:30,21:00,,,07:30,21:00,,,00:00,00:00,,,N,2019-09-20,,대구광역시 달성군청,053-668-3023,2026-06-24
대구광역시,달성군,27710,테크노북로,중리사거리~포산동사거리,01,2.5,01,07:30,21:00,,,07:30,21:00,,,00:00,00:00,,,N,2019-09-20,,대구광역시 달성군청,053-668-3023,2026-06-24
대구광역시,달성군,27710,테크노상업로,포산서사거리~비슬사거리,01,1.2,01,07:30,21:00,,,07:30,21:00,,,00:00,00:00,,,N,2019-09-20,,대구광역시 달성군청,053-668-3023,2026-06-24
대구광역시,달성군,27710,테크노공원로,대구비즈파크센터~우미린,01,1,01,07:30,21:00,,,07:30,21:00,,,00:00,00:00,,,N,2019-09-20,,대구광역시 달성군청,053-668-3023,2026-06-24
대구광역시,달성군,27710,테크노대로,포산고사거리~휴양림입구사거리,01,2,01,07:30,21:00,,,07:30,21:00,,,00:00,00:00,,,N,2019-09-20,,대구광역시 달성군청,053-668-3023,2026-06-24
대구광역시,달성군,27710,테크노순환로,유가우체국~쌍계2리회관,01,4.2,01,07:30,21:00,,,07:30,21:00,,,00:00,00:00,,,N,2019-09-20,,대구광역시 달성군청,053-668-3023,2026-06-24
대구광역시,달성군,27710,국가산단북로,유가우체국~중앙119구조본부,01,5.2,01,07:30,21:00,,,07:30,21:00,,,00:00,00:00,,,N,2019-09-20,,대구광역시 달성군청,053-668-3023,2026-06-24
대구광역시,달성군,27710,창리서로,구지면 창리1361~대구소프트웨어고등학교,01,1.2,01,07:30,21:00,,,07:30,21:00,,,00:00,00:00,,,N,2019-09-20,,대구광역시 달성군청,053-668-3023,2026-06-24
대구광역시,달성군,27710,창리로,구지면 창리 1407~ 구지면 창리 1360-1,01,1.2,01,07:30,21:00,,,07:30,21:00,,,00:00,00:00,,,N,2019-09-20,,대구광역시 달성군청,053-668-3023,2026-06-24
대구광역시,달성군,27710,과학마을로,반도유보라2.0~달구벌식육식당,01,0.8,01,07:30,21:00,,,07:30,21:00,,,00:00,00:00,,,N,2019-09-20,,대구광역시 달성군청,053-668-3023,2026-06-24
대구광역시,달성군,27710,국가산단대로,구지면 창리 1388~대호에이엘,01,3.8,01,07:30,21:00,,,07:30,21:00,,,00:00,00:00,,,N,2019-09-20,,대구광역시 달성군청,053-668-3023,2026-06-24
대구광역시,달성군,27710,국가산단동로,용연저수지~이래CS,01,3.5,01,07:30,21:00,,,07:30,21:00,,,00:00,00:00,,,N,2019-09-20,,대구광역시 달성군청,053-668-3023,2026-06-24
대구광역시,달성군,27710,국가산단서로,한국금형정공사~구지면 대암리 137,01,4.5,01,07:30,21:00,,,07:30,21:00,,,00:00,00:00,,,N,2019-09-20,,대구광역시 달성군청,053-668-3023,2026-06-24
대구광역시,달성군,27710,달성2차1로,NDK테크~신석,01,1.3,01,07:30,21:00,,,07:30,21:00,,,00:00,00:00,,,N,2019-09-20,,대구광역시 달성군청,053-668-3023,2026-06-24
대구광역시,달성군,27710,달성2차2로,대호화학산업~ 구지면 예현리 762-9,01,1.3,01,07:30,21:00,,,07:30,21:00,,,00:00,00:00,,,N,2019-09-20,,대구광역시 달성군청,053-668-3023,2026-06-24
대구광역시,달성군,27710,달성2차3로,풍산기계~진원금속,01,0.9,01,07:30,21:00,,,07:30,21:00,,,00:00,00:00,,,N,2019-09-20,,대구광역시 달성군청,053-668-3023,2026-06-24
대구광역시,달성군,27710,달성2차4로,에스탐코리아~상원스틸,01,1.3,01,07:30,21:00,,,07:30,21:00,,,00:00,00:00,,,N,2019-09-20,,대구광역시 달성군청,053-668-3023,2026-06-24
대구광역시,달성군,27710,달성2차5로,산업단지달성사무소~대경렌탈,01,0.6,01,07:30,21:00,,,07:30,21:00,,,00:00,00:00,,,N,2019-09-20,,대구광역시 달성군청,053-668-3023,2026-06-24
대구광역시,달성군,27710,달성2차6로,경보시스템~피지텍,01,0.4,01,07:30,21:00,,,07:30,21:00,,,00:00,00:00,,,N,2019-09-20,,대구광역시 달성군청,053-668-3023,2026-06-24
대구광역시,달성군,27710,매곡로,다사읍사무소~대신의료기,01,1.1,01,07:30,21:00,,,07:30,21:00,,,00:00,00:00,,,N,2019-09-20,,대구광역시 달성군청,053-668-3023,2026-06-24
대구광역시,달성군,27710,달구벌대로,강창교~성주대교,01,10,01,07:30,21:00,,,07:30,21:00,,,00:00,00:00,,,N,2019-09-20,,대구광역시 달성군청,053-668-3023,2026-06-24
대구광역시,달성군,27710,다사역로,드림아이유치원~매곡사거리,01,0.7,01,07:30,21:00,,,07:30,21:00,,,00:00,00:00,,,N,2019-09-20,,대구광역시 달성군청,053-668-3023,2026-06-24
대구광역시,달성군,27710,왕선로,죽곡다이소~세천교,01,0.8,01,07:30,21:00,,,07:30,21:00,,,00:00,00:00,,,N,2019-09-20,,대구광역시 달성군청,053-668-3023,2026-06-24
대구광역시,달성군,27710,대실역북로,왕선초~대실역,01,1.5,01,07:30,21:00,,,07:30,21:00,,,00:00,00:00,,,N,2019-09-20,,대구광역시 달성군청,053-668-3023,2026-06-24
대구광역시,달성군,27710,대실역남로,강창교~죽곡푸르지오1단지~대실역,01,1.8,01,07:30,21:00,,,07:30,21:00,,,00:00,00:00,,,N,2019-09-20,,대구광역시 달성군청,053-668-3023,2026-06-24
대구광역시,달성군,27710,세천로,세천교~서재지하차도,01,3.2,01,07:30,21:00,,,07:30,21:00,,,00:00,00:00,,,N,2019-09-20,,대구광역시 달성군청,053-668-3023,2026-06-24
대구광역시,달성군,27710,세천남로,다사농협~세천리 1694-1,01,0.8,01,07:30,21:00,,,07:30,21:00,,,00:00,00:00,,,N,2019-09-20,,대구광역시 달성군청,053-668-3023,2026-06-24
대구광역시,달성군,27710,세천북로,메가젠임플란트~북죽곡엠코,01,1,01,07:30,21:00,,,07:30,21:00,,,00:00,00:00,,,N,2019-09-20,,대구광역시 달성군청,053-668-3023,2026-06-24
대구광역시,달성군,27710,서재로,서재지하차도~방천대교,01,6.2,01,07:30,21:00,,,07:30,21:00,,,00:00,00:00,,,N,2019-09-20,,대구광역시 달성군청,053-668-3023,2026-06-24
